bugId;type LLM;type me;subtype LLM;subtype me;Project;;;;;;
469468;GUI;GUI;Style;Style;eclipse;;Requirements;56;;;
408995;Code Logic;Code Logic;NA;Libraries;eclipse;;Version Control;0;;;
120065;GUI;GUI;Static Content;Static Content;eclipse;;Data;200;;;
85993;GUI;GUI;Navigation;Navigation;eclipse;;Code Logic;232;;;
511655;Data;Data;Pointer faults;Pointer faults;eclipse;;GUI;280;;;
203725;Data;Data;Memory faults;Memory faults;eclipse;;Security (sem apache);203;;;0
461789;Data;Data;Data Transmission;Data Transmission;eclipse;;Performance;132;;;
172631;Code Logic;GUI;Incorrect logical conditions;Validations;eclipse;;NOT BUG;86;;;
518681;GUI;GUI;Style;Style;eclipse;;Other;11;;;
341443;Performance;Performance;NA;NA;eclipse;;;;;;
445954;Code Logic;Code Logic;Incorrect logical conditions;Incorrect logical conditions;eclipse;;All= ;1200;;;
541852;Security;Security;Authorization;Authorization;eclipse;;VALID FOR CLASSIFICATION - (APACHE);1047;;;
63833;GUI;GUI;Style;Style;eclipse;;;;;;
86657;GUI;GUI;Static Content;Static Content;eclipse;;apache = ;7;;;
578493;GUI;GUI;Navigation;Accessibility;eclipse;;;;;;
134179;GUI;GUI;Style;Style;eclipse;;System misconfig;42;;;
571854;Security;Code Logic;System misconfigurations;API Integration;eclipse;;Authorization;76;;;
282852;Code Logic;Code Logic;Incorrect logical conditions;Incorrect logical conditions;eclipse;;Vulnerabilities;85;;;
109502;Data;Code Logic;Incorrect Data Structure;Incorrect logical conditions;eclipse;;;;;;
474810;Code Logic;Code Logic;Incorrect logical conditions;Incorrect logical conditions;eclipse;;Calculation;47;;;
359801;Code Logic;Code Logic;Incorrect logical conditions;Incorrect logical conditions;eclipse;;Logical conditions;51;;;
385000;GUI;GUI;Navigation;Navigation;eclipse;;Search engine;50;;;
420291;GUI;GUI;Static Content;Static Content;eclipse;;Libraries;39;;;
308704;Code Logic;Code Logic;API Integration;Incorrect logical conditions;eclipse;;API;45;;;
450798;Code Logic;Code Logic;API Integration;Incorrect logical conditions;eclipse;;;;;;
427022;Performance;Performance;NA;NA;eclipse;;Incorrect Data Structure;27;;;
145698;GUI;GUI;Static Content;Static Content;eclipse;;Memory;36;;;
372639;Data;GUI;Incorrect Data Structure;Static Content;eclipse;;Pointer;39;;;
128431;Code Logic;Code Logic;Incorrect logical conditions;Incorrect logical conditions;eclipse;;Data Transmission;50;;;
181253;Code Logic;Data;Incorrect logical conditions;Memory faults;eclipse;;Encoding;48;;;
259601;Code Logic;Code Logic;Internal Search Engine;Internal Search Engine;eclipse;;;;;;
252589;Code Logic;Data;Incorrect logical conditions;Pointer faults;eclipse;;Navigation;56;;;
118602;GUI;GUI;Style;Style;eclipse;;Style;56;;;
559653;Code Logic;Code Logic;API Integration;API Integration;eclipse;;Validations;52;;;
9946;GUI;GUI;Style;Style;eclipse;;Static content;72;;;
387132;GUI;GUI;Style;Style;eclipse;;Accesibility;44;;;
103059;Code Logic;Performance;Libraries;NA;eclipse;;;;;;
384692;GUI;GUI;Style;Style;eclipse;;;;;;
250485;GUI;GUI;Static Content;Static Content;eclipse;;;;;;
355208;GUI;GUI;Accessibility;Accessibility;eclipse;;;;;;
66143;GUI;GUI;Static Content;Static Content;eclipse;;;;;;
473374;Code Logic;Data;Incorrect logical conditions;Pointer faults;eclipse;;;;;;
181579;Code Logic;GUI;Calculation;Accessibility;eclipse;;;;;;
120132;Code Logic;Code Logic;Incorrect logical conditions;API Integration;eclipse;;;;;;
520524;Code Logic;Requirements;Incorrect logical conditions;Contraditory requirements;eclipse;**;;;;;
298526;Code Logic;Security;Incorrect logical conditions;System misconfigurations;eclipse;;;;;;
108805;GUI;GUI;Static Content;Static Content;eclipse;;556 - 23 (req) - 11 (other) =522;;;;
235769;Code Logic;Code Logic;Libraries;Libraries;eclipse;;;;;;
508858;Code Logic;Data;API Integration;Memory faults;eclipse;;;;;;
374228;Code Logic;Data;Incorrect logical conditions;Data Transmission;eclipse;;;;;;
110201;GUI;GUI;Navigation;Navigation;bugzilla;;11;;;;
535346;GUI;GUI;Navigation;Static Content;bugzilla;;86;tudo menos os Not bug e other;;;
178186;GUI;GUI;Static Content;Static Content;eclipse;;12;;;;
448704;Code Logic;Code Logic;API Integration;Libraries;eclipse;;;;;;
83166;GUI;GUI;Static Content;Static Content;eclipse;;;;;;
470934;Code Logic;Data;Incorrect logical conditions;Pointer faults;eclipse;;;;;;
242825;Code Logic;Data;Incorrect logical conditions;Pointer faults;eclipse;;System misconfig;12;;;
131444;Code Logic;Data;Incorrect logical conditions;Memory faults;eclipse;;Authorization;18;;;
329115;GUI;GUI;Static Content;Static Content;eclipse;;Vulnerabilities;12;;;
533015;GUI;GUI;Style;Style;eclipse;;;;;;
230828;GUI;GUI;Static Content;Static Content;eclipse;;Calculation;9;;;
329734;Security;Security;System misconfigurations;System misconfigurations;eclipse;;Logical conditions;40;;;
532931;GUI;GUI;Style;Style;eclipse;;Search engine;7;;;
322202;Performance;Performance;NA;NA;eclipse;;Libraries;18;;;
141937;Data;Data;Data Transmission;Data Transmission;eclipse;;API;18;;;
381054;Code Logic;Code Logic;Incorrect logical conditions;Incorrect logical conditions;eclipse;;;;;;
447376;Code Logic;Code Logic;Incorrect logical conditions;Incorrect logical conditions;eclipse;;Incorrect Data Structure;14;;;
156921;Data;Data;Pointer faults;Pointer faults;eclipse;;Memory;10;;;
354247;Code Logic;Code Logic;API Integration;API Integration;eclipse;;Pointer;10;;;
123172;GUI;GUI;Static Content;Style;eclipse;;Data Transmission;31;;;
309061;Code Logic;Code Logic;API Integration;Libraries;eclipse;;Encoding;11;;;
105193;Code Logic;Security;API Integration;Vulnerabilities;eclipse;;;;;;
95846;Security;Security;System misconfigurations;System misconfigurations;eclipse;;Navigation;47;;;
30853;Security;Security;Vulnerabilities;Vulnerabilities;bugzilla;;Style;54;;;
16237;Code Logic;Security;Internal Search Engine;Vulnerabilities;bugzilla;;Validations;16;;;
53636;Security;Security;Authorization;Authorization;apache;;Static content;66;;;
41510;Code Logic;Security;Incorrect logical conditions;Vulnerabilities;apache;;Accesibility;12;;;
514774;GUI;GUI;Style;Style;eclipse;;;;;;
371317;Code Logic;Code Logic;Internal Search Engine;Internal Search Engine;eclipse;;;;;;
335638;GUI;GUI;Static Content;Static Content;eclipse;;;;;;
580278;Data;Data;Incorrect Data Structure;Incorrect Data Structure;eclipse;;;;;;
231576;Code Logic;Code Logic;Libraries;Libraries;eclipse;;;;;;
JRASERVER-69019;GUI;GUI;Static Content;Static Content;jira;;;;;;
145209;GUI;GUI;Style;Style;bugzilla;;;;;;
72457;Data;Data;Data Transmission;Data Transmission;eclipse;;;;;;
BSERV-10827;Code Logic;Data;Incorrect logical conditions;Data Transmission;jira;;;;;;
131642;GUI;GUI;Static Content;Static Content;eclipse;;;;;;
JRASERVER-11544;GUI;GUI;Static Content;Static Content;jira;;;;;;
389215;NOT BUG;NA;NA;NA;eclipse;;;;;;
422762;NOT BUG;NA;NA;NA;eclipse;;;;;;
509212;NOT BUG;NA;NA;NA;eclipse;;;;;;
424603;GUI;GUI;Style;Style;bugzilla;;;;;;
JRASERVER-75433;GUI;GUI;Static Content;Static Content;jira;;;;;;
JRACLOUD-41594;Data;Data;Data Transmission;Data Transmission;jira;;;;;;
475567;Code Logic;Code Logic;API Integration;API Integration;eclipse;;;;;;
BCLOUD-15256;Data;Data;Data Transmission;Data Transmission;jira;;;;;;
118649;GUI;GUI;Style;Style;eclipse;;;;;;
JSWCLOUD-13861;GUI;GUI;Style;Style;jira;;;;;;
CONFCLOUD-34110;GUI;GUI;Static Content;Static Content;jira;;;;;;
SRCTREE-2781;NOT BUG;NA;NA;NA;jira;;;;;;
387579;GUI;GUI;Static Content;Static Content;eclipse;;;;;;
ID-6593;Security;Security;Authorization;Authorization;jira;;;;;;
CONFSERVER-2883;Security;Security;Vulnerabilities;Vulnerabilities;jira;;;;;;
431950;Code Logic;Security;Incorrect logical conditions;System misconfigurations;eclipse;;;;;;
CONFSERVER-468;Data;Data;Incorrect Data Structure;Incorrect Data Structure;jira;;;;;;
85232;GUI;GUI;Validations;Static Content;eclipse;;;;;;
343495;NOT BUG;NA;NA;NA;eclipse;;;;;;
JSWCLOUD-16230;GUI;GUI;Navigation;Navigation;jira;;;;;;
233840;NOT BUG;NA;NA;NA;eclipse;;;;;;
JRACLOUD-28822;GUI;GUI;Navigation;Navigation;jira;;;;;;
453737;Code Logic;Data;Incorrect logical conditions;Incorrect Data Structure;eclipse;;;;;;
JRASERVER-63206;Code Logic;GUI;Internal Search Engine;Navigation;jira;;;;;;
JRASERVER-35078;Security;Security;System misconfigurations;System misconfigurations;jira;;;;;;
345201;Code Logic;Code Logic;API Integration;API Integration;eclipse;;;;;;
337537;Code Logic;Code Logic;API Integration;API Integration;eclipse;;;;;;
JRACLOUD-79340;GUI;GUI;Validations;Validations;jira;;;;;;
17345;Code Logic;Data;Libraries;Incorrect Data Structure;eclipse;;;;;;
70889;NOT BUG;NA;NA;NA;eclipse;;;;;;
154831;GUI;GUI;Static Content;Static Content;eclipse;;;;;;
CONFSERVER-10362;GUI;GUI;Validations;Validations;jira;;;;;;
CONFSERVER-7734;NOT BUG;NA;NA;NA;jira;;;;;;
384997;Performance;Performance;NA;NA;eclipse;;;;;;
SRCTREEWIN-7189;GUI;GUI;Navigation;Accessibility;jira;;;;;;
CONFSERVER-52522;GUI;GUI;Style;Style;jira;;;;;;
BCLOUD-1555;NOT BUG;NA;NA;NA;jira;;;;;;
CWD-3842;Code Logic;Code Logic;API Integration;Libraries;jira;;;;;;
BCLOUD-15610;Data;Data;Incorrect Data Structure;Incorrect Data Structure;jira;;;;;;
98157;Requirements;GUI;NA;Style;eclipse;;;;;;
401085;GUI;GUI;Navigation;Navigation;eclipse;;;;;;
129742;NOT BUG;NA;NA;NA;eclipse;;;;;;
CONFCLOUD-43561;GUI;GUI;Style;Style;jira;;;;;;
232703;NOT BUG;NA;NA;NA;eclipse;;;;;;
186269;GUI;GUI;Static Content;Static Content;eclipse;;;;;;
425366;NOT BUG;NA;NA;NA;eclipse;;;;;;
425172;Code Logic;Code Logic;Incorrect logical conditions;Incorrect logical conditions;eclipse;;;;;;
364017;NOT BUG;NA;NA;NA;eclipse;;;;;;
JRACLOUD-78796;Performance;Performance;NA;NA;jira;;;;;;
CONFCLOUD-71189;GUI;GUI;Static Content;Static Content;jira;;;;;;
BCLOUD-7961;Performance;Performance;NA;NA;jira;;;;;;
401945;Requirements;Requirements;Use-case flaws;Use-case flaws;eclipse;;;;;;
570253;NOT BUG;NA;NA;NA;eclipse;;;;;;
CONFSERVER-22287;GUI;GUI;Validations;Validations;jira;;;;;;
JRACLOUD-29777;GUI;GUI;Static Content;Static Content;jira;;;;;;
287167;NOT BUG;NA;NA;NA;eclipse;;;;;;
511410;Code Logic;GUI;Incorrect logical conditions;Style;eclipse;;;;;;
JSDSERVER-6635;Security;Code Logic;Authorization;API Integration;jira;;;;;;
509148;Requirements;GUI;Use-case flaws;Style;eclipse;;;;;;
JSDSERVER-11366;NOT BUG;NA;NA;NA;jira;;;;;;
576242;Requirements;Requirements;Use-case flaws;Use-case flaws;eclipse;;;;;;
183841;GUI;GUI;Navigation;Accessibility;eclipse;;;;;;
BCLOUD-2337;Requirements;Requirements;Use-case flaws;Use-case flaws;jira;;;;;;
181728;GUI;GUI;Style;Style;bugzilla;;;;;;
420250;NOT BUG;NA;NA;NA;eclipse;;;;;;
420251;NOT BUG;NA;NA;NA;eclipse;;;;;;
125266;GUI;GUI;Static Content;Static Content;eclipse;;;;;;
431254;Code Logic;Code Logic;Incorrect logical conditions;Incorrect logical conditions;eclipse;;;;;;
JRACLOUD-24804;GUI;GUI;Navigation;Static Content;jira;;;;;;
219547;NOT BUG;NA;NA;NA;eclipse;;;;;;
CONFSERVER-32423;GUI;GUI;Style;Style;jira;;;;;;
CONFCLOUD-61580;GUI;GUI;Validations;Validations;jira;;;;;;
CONFSERVER-79940;Security;Security;Vulnerabilities;Vulnerabilities;jira;;;;;;
JSWCLOUD-13823;Code Logic;Code Logic;API Integration;API Integration;jira;;;;;;
JRASERVER-28583;Code Logic;Code Logic;Internal Search Engine;API Integration;jira;;;;;;
452371;Code Logic;Code Logic;Libraries;Libraries;eclipse;;;;;;
98483;NOT BUG;NA;NA;NA;eclipse;;;;;;
BSERV-9260;Performance;Performance;NA;NA;jira;;;;;;
JRASERVER-21812;GUI;GUI;Style;Style;jira;;;;;;
279279;NOT BUG;NA;NA;NA;eclipse;;;;;;
135102;NOT BUG;NA;NA;NA;eclipse;;;;;;
JSWCLOUD-16091;GUI;GUI;Validations;Static Content;jira;;;;;;
CONFSERVER-54446;GUI;GUI;Navigation;Static Content;jira;;;;;;
457289;NOT BUG;NA;NA;NA;eclipse;;;;;;
205075;GUI;GUI;Style;Style;eclipse;;;;;;
CONFSERVER-5751;Security;Security;Authorization;Authorization;jira;;;;;;
SRCTREEWIN-4404;GUI;GUI;Navigation;Navigation;jira;;;;;;
209458;NOT BUG;NA;NA;NA;eclipse;;;;;;
CONFSERVER-15811;Data;Data;Data Transmission;Data Transmission;jira;;;;;;
178300;NOT BUG;NA;NA;NA;bugzilla;;;;;;
JSWSERVER-13439;GUI;GUI;Style;Style;jira;;;;;;
542805;Code Logic;Code Logic;Libraries;Libraries;eclipse;;;;;;
155498;GUI;Data;Navigation;Data Transmission;eclipse;;;;;;
FE-7037;Data;Data;Encoding;Encoding;jira;;;;;;
SRCTREEWIN-4643;Performance;Performance;NA;NA;jira;;;;;;
ID-7745;Security;GUI;Authorization;Navigation;jira;;;;;;
347060;NOT BUG;NA;NA;NA;eclipse;;;;;;
FE-4460;Code Logic;GUI;Internal Search Engine;Static Content;jira;;;;;;
BCLOUD-13995;NOT BUG;NA;NA;NA;jira;;;;;;
JRASERVER-4342;GUI;GUI;Validations;Validations;jira;;;;;;
119412;GUI;GUI;Style;Style;eclipse;;;;;;
245606;GUI;GUI;Navigation;Navigation;eclipse;;;;;;
136031;Data;GUI;Incorrect Data Structure;Style;eclipse;;;;;;
JRASERVER-478;GUI;GUI;Static Content;Static Content;jira;;;;;;
395232;Code Logic;Code Logic;API Integration;API Integration;eclipse;;;;;;
CONFCLOUD-67480;GUI;GUI;Navigation;Navigation;jira;;;;;;
467589;Code Logic;Code Logic;Internal Search Engine;Internal Search Engine;eclipse;;;;;;
296808;Code Logic;Code Logic;Internal Search Engine;Internal Search Engine;eclipse;;;;;;
CONFSERVER-47067;GUI;GUI;Style;Style;jira;;;;;;
CONFSERVER-64308;Performance;Performance;NA;NA;jira;;;;;;
278706;Code Logic;Code Logic;Incorrect logical conditions;Incorrect logical conditions;eclipse;;;;;;
JRASERVER-5740;NOT BUG;NA;NA;NA;jira;;;;;;
JRACLOUD-60004;Code Logic;Code Logic;Calculation;Calculation;jira;;;;;;
430119;Code Logic;Code Logic;Libraries;Libraries;eclipse;;;;;;
CONFSERVER-12666;GUI;GUI;Static Content;Static Content;jira;;;;;;
470721;NOT BUG;NA;NA;NA;eclipse;;;;;;
SRCTREEWIN-2403;Data;Data;Encoding;Encoding;jira;;;;;;
CLOUD-645;Performance;Performance;NA;NA;jira;;;;;;
CONFSERVER-41249;GUI;GUI;Static Content;Static Content;jira;;;;;;
380897;NOT BUG;NA;NA;NA;eclipse;;;;;;
SRCTREE-4092;Security;Security;System misconfigurations;System misconfigurations;jira;;;;;;
221932;GUI;GUI;Accessibility;Accessibility;eclipse;;;;;;
CONFCLOUD-53194;GUI;GUI;Style;Style;jira;;;;;;
JSWSERVER-11878;GUI;GUI;Navigation;Navigation;jira;;;;;;
CONFSERVER-36971;Data;Data;Incorrect Data Structure;Incorrect Data Structure;jira;;;;;;
JRACLOUD-32386;Security;Security;Authorization;Authorization;jira;;;;;;
BCLOUD-3539;Code Logic;Code Logic;API Integration;API Integration;jira;;;;;;
JRASERVER-45829;GUI;Code Logic;Validations;Incorrect logical conditions;jira;;;;;;
CONFCLOUD-46908;Code Logic;Code Logic;Incorrect logical conditions;Incorrect logical conditions;jira;;;;;;
420016;NOT BUG;NA;NA;NA;eclipse;;;;;;
343879;Code Logic;Security;API Integration;System misconfigurations;eclipse;;;;;;
CONFSERVER-23883;GUI;GUI;Navigation;Navigation;jira;;;;;;
348673;Code Logic;Code Logic;Libraries;Libraries;eclipse;;;;;;
366133;NOT BUG;NA;NA;NA;eclipse;;;;;;
JRASERVER-8079;GUI;GUI;Validations;Validations;jira;;;;;;
457281;NOT BUG;NA;NA;NA;eclipse;;;;;;
API-321;Security;Code Logic;Authorization;API Integration;jira;;;;;;
168579;Performance;Performance;NA;NA;eclipse;;;;;;
CONFSERVER-6331;Security;Security;Authorization;Authorization;jira;;;;;;
BCLOUD-10393;GUI;GUI;Static Content;Static Content;jira;;;;;;
CONFCLOUD-72439;GUI;GUI;Static Content;Static Content;jira;;;;;;
149326;Code Logic;Code Logic;Incorrect logical conditions;Incorrect logical conditions;eclipse;;;;;;
353131;Code Logic;Code Logic;Incorrect logical conditions;Incorrect logical conditions;eclipse;;;;;;
295289;GUI;GUI;Static Content;Static Content;eclipse;;;;;;
35020;GUI;GUI;Static Content;Static Content;bugzilla;;;;;;
SRCTREE-2460;GUI;GUI;Static Content;Static Content;jira;;;;;;
CONFSERVER-29514;Data;Data;Pointer faults;Pointer faults;jira;;;;;;
416100;Code Logic;Code Logic;Libraries;Libraries;eclipse;;;;;;
541548;Data;Data;Incorrect Data Structure;Incorrect Data Structure;eclipse;;;;;;
470229;GUI;GUI;Style;Style;eclipse;;;;;;
491866;Requirements;Requirements;Use-case flaws;Use-case flaws;eclipse;;;;;;
CRUC-622;Performance;Performance;NA;NA;jira;;;;;;
JRASERVER-22027;GUI;GUI;Static Content;Static Content;jira;;;;;;
165873;GUI;GUI;Style;Style;bugzilla;;;;;;
BSERV-9731;Requirements;Requirements;Use-case flaws;Use-case flaws;jira;;;;;;
510109;Security;Security;Authorization;Authorization;eclipse;;;;;;
577164;Performance;Performance;NA;NA;eclipse;;;;;;
182676;Data;Data;Incorrect Data Structure;Data Transmission;eclipse;;;;;;
CONFSERVER-32190;GUI;GUI;Static Content;Static Content;jira;;;;;;
JRASERVER-68565;GUI;GUI;Navigation;Navigation;jira;;;;;;
121790;Data;Data;Incorrect Data Structure;Incorrect Data Structure;eclipse;;;;;;
CONFSERVER-25572;Data;Data;Data Transmission;Data Transmission;jira;;;;;;
SRCTREEWIN-3573;GUI;GUI;Static Content;Static Content;jira;;;;;;
59224;GUI;GUI;Static Content;Static Content;eclipse;;;;;;
304657;NOT BUG;NA;NA;NA;jira;;;;;;
CONFCLOUD-27693;Security;Security;Vulnerabilities;Vulnerabilities;jira;;;;;;
BSERV-10919;GUI;GUI;Style;Style;jira;;;;;;
JRASERVER-13010;GUI;GUI;Style;Style;jira;;;;;;
150385;NOT BUG;NA;NA;NA;eclipse;;;;;;
321981;Performance;Performance;NA;NA;eclipse;;;;;;
JSDSERVER-10898;GUI;GUI;Static Content;Static Content;jira;;;;;;
414682;Data;Data;Data Transmission;Data Transmission;eclipse;;;;;;
JRASERVER-820;Data;Data;Encoding;Encoding;jira;;;;;;
212875;Code Logic;Code Logic;Incorrect logical conditions;Incorrect logical conditions;eclipse;;;;;;
JRASERVER-69066;GUI;GUI;Style;Style;jira;;;;;;
333823;Requirements;Requirements;Contraditory requirements;Contraditory requirements;eclipse;;;;;;
BAM-17436;Code Logic;Code Logic;API Integration;API Integration;jira;;;;;;
209603;GUI;GUI;Validations;Validations;eclipse;;;;;;
111940;GUI;GUI;Navigation;Navigation;eclipse;;;;;;
SRCTREEWIN-856;Code Logic;Code Logic;Incorrect logical conditions;Incorrect logical conditions;jira;;;;;;
FE-711;Code Logic;Code Logic;Internal Search Engine;Internal Search Engine;jira;;;;;;
319680;GUI;GUI;Navigation;Navigation;eclipse;;;;;;
382790;Data;Data;Encoding;Encoding;eclipse;;;;;;
SRCTREE-3475;GUI;GUI;Style;Style;jira;;;;;;
CONFCLOUD-52864;Data;Data;Encoding;Encoding;jira;;;;;;
CONFCLOUD-52523;Data;Data;Data Transmission;Data Transmission;jira;;;;;;
374137;Code Logic;Code Logic;API Integration;Incorrect logical conditions;eclipse;;;;;;
CONFSERVER-26327;GUI;GUI;Static Content;Static Content;jira;;;;;;
354393;Code Logic;Code Logic;Calculation;Calculation;eclipse;;;;;;
JIRAALIGN-2907;Requirements;Requirements;Use-case flaws;Use-case flaws;jira;;;;;;
333257;Data;Data;Encoding;Encoding;eclipse;;;;;;
CONFSERVER-1604;GUI;Data;Navigation;Encoding;jira;;;;;;
CONFSERVER-28662;Other;NA;NA;NA;jira;;;;;;
362717;NOT BUG;NA;NA;NA;eclipse;;;;;;
CRUC-3514;Code Logic;Code Logic;Incorrect logical conditions;Incorrect logical conditions;jira;;;;;;
522141;Security;Security;Vulnerabilities;Vulnerabilities;eclipse;;;;;;
161458;NOT BUG;NA;NA;NA;eclipse;;;;;;
533041;NOT BUG;NA;NA;NA;eclipse;;;;;;
247597;NOT BUG;NA;NA;NA;eclipse;;;;;;
221138;Code Logic;Code Logic;Libraries;Libraries;eclipse;;;;;;
360401;GUI;GUI;Navigation;Navigation;eclipse;;;;;;
342951;GUI;GUI;Validations;Validations;eclipse;;;;;;
189271;GUI;GUI;Validations;Validations;eclipse;;;;;;
CONFCLOUD-66858;Code Logic;Code Logic;API Integration;API Integration;jira;;;;;;
282459;Data;Data;Incorrect Data Structure;Incorrect Data Structure;eclipse;;;;;;
FE-5809;Other;NA;NA;NA;jira;;;;;;
310812;Security;Security;System misconfigurations;System misconfigurations;eclipse;;;;;;
543033;GUI;GUI;Navigation;Style;eclipse;;;;;;
339019;Code Logic;Code Logic;Libraries;Libraries;eclipse;;;;;;
409534;Code Logic;Code Logic;Libraries;Libraries;eclipse;;;;;;
379520;Code Logic;Code Logic;Calculation;Calculation;eclipse;;;;;;
SRCTREEWIN-6839;GUI;GUI;Static Content;Validations;jira;;;;;;
270840;GUI;GUI;Navigation;Navigation;eclipse;;;;;;
JRASERVER-14829;GUI;GUI;Static Content;Static Content;jira;;;;;;
JRASERVER-25656;Data;Data;Incorrect Data Structure;Incorrect Data Structure;jira;;;;;;
246565;NOT BUG;NA;NA;NA;eclipse;;;;;;
293083;NOT BUG;NA;NA;NA;eclipse;;;;;;
SRCTREE-3081;Other;NA;NA;NA;jira;;;;;;
233581;Data;Data;Data Transmission;Data Transmission;eclipse;;;;;;
298788;Data;Data;Memory faults;Memory faults;eclipse;;;;;;
JRASERVER-21955;GUI;GUI;Navigation;Navigation;jira;;;;;;
186867;NOT BUG;NA;NA;NA;eclipse;;;;;;
CONFCLOUD-47148;Code Logic;Data;Internal Search Engine;Data Transmission;jira;;;;;;
JRACLOUD-76905;Data;Data;Data Transmission;Data Transmission;jira;;;;;;
551440;Other;NA;NA;NA;eclipse;;;;;;
315163;NOT BUG;NA;NA;NA;eclipse;;;;;;
409954;Performance;Performance;NA;NA;eclipse;;;;;;
483889;NOT BUG;NA;NA;NA;eclipse;;;;;;
99126;GUI;GUI;Navigation;Navigation;eclipse;;;;;;
SRCTREEWIN-3298;Data;GUI;Incorrect Data Structure;Static Content;jira;;;;;;
JRASERVER-19172;Code Logic;Code Logic;Internal Search Engine;Internal Search Engine;jira;;;;;;
109067;Version Control;Code Logic;NA;Libraries;eclipse;;;;;;
CWD-3955;Data;Data;Data Transmission;Data Transmission;jira;;;;;;
BCLOUD-18782;NOT BUG;NA;NA;NA;jira;;;;;;
CONFSERVER-6367;NOT BUG;NA;NA;NA;jira;;;;;;
177574;Code Logic;Code Logic;Libraries;Libraries;eclipse;;;;;;
292117;GUI;GUI;Accessibility;Accessibility;eclipse;;;;;;
JRASERVER-7767;GUI;GUI;Navigation;Navigation;jira;;;;;;
JRACLOUD-66749;Data;Data;Encoding;Encoding;jira;;;;;;
527002;NOT BUG;NA;NA;NA;eclipse;;;;;;
390966;NOT BUG;NA;NA;NA;eclipse;;;;;;
OPSGENIE-282;Security;Code Logic;Authorization;API Integration;jira;;;;;;
223713;Code Logic;Code Logic;Libraries;Libraries;eclipse;;;;;;
44850;GUI;GUI;Style;Style;eclipse;;;;;;
JRASERVER-67162;Security;Security;Authorization;Authorization;jira;;;;;;
FE-4233;Requirements;Requirements;Use-case flaws;Use-case flaws;jira;;;;;;
218867;GUI;GUI;Navigation;Navigation;eclipse;;;;;;
CONFCLOUD-74218;GUI;GUI;Static Content;Static Content;jira;;;;;;
SRCTREEWIN-13827;Requirements;Security;Use-case flaws;System misconfigurations;jira;;;;;;
431528;NOT BUG;NA;NA;NA;eclipse;;;;;;
JRACLOUD-70896;Requirements;Data;Use-case flaws;Data Transmission;jira;;;;;;
SRCTREE-3844;Data;Data;Encoding;Encoding;jira;;;;;;
JSWSERVER-13249;GUI;GUI;Static Content;Style;jira;;;;;;
CONFSERVER-8506;GUI;GUI;Validations;Validations;jira;JRAServer;160;;;;
SRCTREEWIN-8249;GUI;GUI;Static Content;Static Content;jira;JRACLOUD;73;;;;
158564;GUI;GUI;Static Content;Static Content;eclipse;SRCTREEWIN;49;;;;
550277;Security;Security;System misconfigurations;System misconfigurations;eclipse;CONFSERVER;141;;;;
BSERV-4610;GUI;GUI;Navigation;Style;jira;CONFCLOUD;46;;;;
529403;Code Logic;Code Logic;Calculation;Calculation;eclipse;;;;;;
CRUC-5265;GUI;GUI;Navigation;Navigation;jira;;263;;;;
458535;Code Logic;Code Logic;Calculation;Calculation;eclipse;;;;;;
JRACLOUD-32699;Requirements;Requirements;Use-case flaws;Use-case flaws;jira;;;;;;
543337;GUI;GUI;Style;Style;eclipse;;;;;;
226368;Code Logic;Code Logic;Incorrect logical conditions;Incorrect logical conditions;eclipse;;;;;;
JSDCLOUD-3838;GUI;GUI;Static Content;Static Content;jira;;;;;;
CONFSERVER-1563;Other;NA;NA;NA;jira;;;;;;
JRACLOUD-65153;Requirements;Requirements;Contraditory requirements;Use-case flaws;jira;;;;;;
426201;Requirements;Requirements;Use-case flaws;Use-case flaws;eclipse;;;;;;
289989 ;NOT BUG;NA;NA;NA;eclipse;;;;;;
JRACLOUD-75158;Code Logic;Code Logic;API Integration;API Integration;jira;;;;;;
160677;Performance;Performance;NA;NA;eclipse;;;;;;
377712;Code Logic;Code Logic;Incorrect logical conditions;Incorrect logical conditions;eclipse;;;;;;
223230;Code Logic;Code Logic;Incorrect logical conditions;Incorrect logical conditions;eclipse;;;;;;
CONFCLOUD-56710;GUI;GUI;Static Content;Navigation;jira;;;;;;
JSWCLOUD-21309;Requirements;Requirements;Use-case flaws;Use-case flaws;jira;;;;;;
JSWSERVER-13989;GUI;GUI;Navigation;Navigation;jira;;;;;;
533526;GUI;GUI;Style;Style;eclipse;;;;;;
112272;GUI;GUI;Validations;Validations;eclipse;;;;;;
211590;GUI;GUI;Validations;Validations;eclipse;;;;;;
CRUC-4539;Security;GUI;Authorization;Navigation;jira;;;;;;
JRASERVER-5079;GUI;GUI;Navigation;Navigation;jira;;;;;;
CONFSERVER-48587;Data;Data;Data Transmission;Data Transmission;jira;;;;;;
SRCTREEWIN-5413;Code Logic;Code Logic;Incorrect logical conditions;Incorrect logical conditions;jira;;;;;;
ID-6837;GUI;GUI;Navigation;Navigation;jira;;;;;;
402073;GUI;GUI;Accessibility;Accessibility;eclipse;;;;;;
402592;GUI;GUI;Accessibility;Accessibility;eclipse;;;;;;
JRACLOUD-72312;Security;Security;Authorization;Authorization;jira;;;;;;
378725;GUI;GUI;Static Content;Static Content;eclipse;;;;;;
480807;GUI;GUI;Style;Style;eclipse;;;;;;
150696;Code Logic;Code Logic;API Integration;Incorrect logical conditions;eclipse;;;;;;
221263;GUI;GUI;Navigation;Navigation;eclipse;;;;;;
549571;Requirements;Requirements;Use-case flaws;Use-case flaws;eclipse;;;;;;
358854;Requirements;Requirements;Use-case flaws;Use-case flaws;eclipse;;;;;;
CONFSERVER-37399;Data;Code Logic;Data Transmission;Internal Search Engine;jira;;;;;;
JSWSERVER-6246;Other;NA;NA;NA;jira;;;;;;
JSDSERVER-771;NOT BUG;NA;NA;NA;jira;;;;;;
119747;Code Logic;Data;API Integration;Incorrect Data Structure;eclipse;;;;;;
569443;NOT BUG;NA;NA;NA;eclipse;;;;;;
67989;Code Logic;Code Logic;Incorrect logical conditions;Incorrect logical conditions;eclipse;;;;;;
CONFSERVER-33233;Data;Data;Data Transmission;Data Transmission;jira;;;;;;
JSDCLOUD-11431;Requirements;GUI;Use-case flaws;Validations;jira;;;;;;
195103;GUI;GUI;Style;Style;bugzilla;;;;;;
170251;NOT BUG;NA;NA;NA;bugzilla;;;;;;
386219;GUI;GUI;Style;Style;bugzilla;;;;;;
386219;NOT BUG;NA;NA;NA;eclipse;;;;;;
165928;NOT BUG;NA;NA;NA;bugzilla;;;;;;
337994;NOT BUG;NA;NA;NA;bugzilla;;;;;;
51481;GUI;GUI;Navigation;Navigation;bugzilla;;;;;;
158402;NOT BUG;NA;NA;NA;bugzilla;;;;;;
245725;Performance;Code Logic;NA;Calculation;bugzilla;;;;;;
245725;GUI;GUI;Navigation;Navigation;eclipse;;;;;;
CONFSERVER-23308;GUI;GUI;Navigation;Static Content;jira;;;;;;
131472;NOT BUG;NA;NA;NA;eclipse;;;;;;
10448;GUI;GUI;Style;Style;bugzilla;;;;;;
JSDSERVER-10917;GUI;GUI;Style;Style;jira;;;;;;
CONFSERVER-16252;Requirements;Code Logic;Use-case flaws;Libraries;jira;;;;;;
194278;Performance;Code Logic;NA;Incorrect logical conditions;bugzilla;;;;;;
BSERV-5574;Data;Data;Incorrect Data Structure;Incorrect Data Structure;jira;;;;;;
527044;NOT BUG;NA;NA;NA;eclipse;;;;;;
361298;NOT BUG;NA;NA;NA;eclipse;;;;;;
BSERV-13634;GUI;GUI;Validations;Validations;jira;;;;;;
306832;Code Logic;Code Logic;Incorrect logical conditions;Incorrect logical conditions;eclipse;;;;;;
113241;GUI;GUI;Navigation;Navigation;bugzilla;;;;;;
55256;NOT BUG;NA;NA;NA;eclipse;;;;;;
35020;GUI;GUI;Static Content;Static Content;bugzilla;;;;;;
JSDCLOUD-10595;GUI;Code Logic;Validations;Incorrect logical conditions;jira;;;;;;
JSWCLOUD-21139;NOT BUG;NA;NA;NA;jira;;;;;;
4594;Code Logic;Code Logic;API Integration;Calculation;bugzilla;;;;;;
JSWSERVER-20943;Data;Code Logic;Data Transmission;API Integration;jira;;;;;;
213065;Code Logic;Data;Incorrect logical conditions;Pointer faults;eclipse;;;;;;
16661;GUI;GUI;Navigation;Static Content;bugzilla;;;;;;
90489;GUI;GUI;Style;Style;bugzilla;;;;;;
90489;NOT BUG;NA;NA;NA;eclipse;;;;;;
287082;Code Logic;Code Logic;Calculation;Calculation;eclipse;;;;;;
CONFCLOUD-75328;GUI;GUI;Navigation;Navigation;jira;;;;;;
580702;Data;Data;Encoding;Data Transmission;eclipse;;;;;;
3229;Code Logic;Code Logic;Incorrect logical conditions;Incorrect logical conditions;bugzilla;;;;;;
79052;GUI;Security;Navigation;Authorization;bugzilla;;;;;;
JRASERVER-5854;Security;Security;Authorization;Authorization;jira;;;;;;
60177;GUI;GUI;Navigation;Navigation;bugzilla;;;;;;
CONFSERVER-9833;Data;Data;Data Transmission;Encoding;jira;;;;;;
BAM-9834;Performance;Performance;NA;NA;jira;;;;;;
BAM-15046;GUI;Data;Navigation;Encoding;jira;;;;;;
FE-2764;Requirements;Requirements;Use-case flaws;Use-case flaws;jira;;;;;;
137313;Code Logic;Code Logic;Incorrect logical conditions;Incorrect logical conditions;eclipse;;;;;;
JRACLOUD-65274;Security;Security;Authorization;Authorization;jira;;;;;;
CONFCLOUD-47875;GUI;GUI;Static Content;Static Content;jira;;;;;;
46381;GUI;GUI;Accessibility;Accessibility;bugzilla;;;;;;
CLOUD-9941;GUI;GUI;Static Content;Navigation;jira;;;;;;
BAM-10137;Data;Data;Data Transmission;Data Transmission;jira;;;;;;
JIRAALIGN-1425;Security;Security;Authorization;Authorization;jira;;;;;;
BAM-19626;Security;Security;Authorization;Authorization;jira;;;;;;
JRACLOUD-38245;GUI;Data;Static Content;Incorrect Data Structure;jira;;;;;;
JSDCLOUD-9258;Data;Security;Data Transmission;Authorization;jira;;;;;;
JRASERVER-62259;GUI;GUI;Static Content;Static Content;jira;;;;;;
173884;NOT BUG;NA;NA;NA;bugzilla;;;;;;
198721;GUI;GUI;Navigation;Navigation;bugzilla;;;;;;
6496;Other;NA;NA;NA;bugzilla;;;;;;
201877;GUI;GUI;Navigation;Navigation;bugzilla;;;;;;
201877;NOT BUG;NA;NA;NA;bugzilla;;;;;;
147863;Data;Data;Memory faults;Memory faults;bugzilla;;;;;;
340313;GUI;GUI;Static Content;Static Content;eclipse;;;;;;
SRCTREEWIN-13329;GUI;Requirements;Navigation;Use-case flaws;jira;;;;;;
JSDCLOUD-12405;GUI;GUI;Navigation;Navigation;jira;;;;;;
BCLOUD-4114;GUI;GUI;Static Content;Static Content;jira;;;;;;
167090;GUI;GUI;Static Content;Static Content;bugzilla;;;;;;
131614;Code Logic;Data;API Integration;Pointer faults;eclipse;;;;;;
BSERV-8127;GUI;GUI;Navigation;Style;jira;;;;;;
JRACLOUD-65631;GUI;GUI;Validations;Navigation;jira;;;;;;
190363;Requirements;Requirements;Use-case flaws;Use-case flaws;bugzilla;;;;;;
152348;Other;NA;NA;NA;bugzilla;;;;;;
CONFCLOUD-73468;Data;Requirements;Incorrect Data Structure;Use-case flaws;jira;;;;;;
JSWSERVER-13032;GUI;GUI;Static Content;Static Content;jira;;;;;;
JSWSERVER-9641;NOT BUG;NA;NA;NA;jira;;;;;;
133731;GUI;GUI;Navigation;Navigation;bugzilla;;;;;;
509636;Code Logic;Code Logic;Incorrect logical conditions;Incorrect logical conditions;eclipse;;;;;;
CONFCLOUD-53955;GUI;Code Logic;Style;Incorrect logical conditions;jira;;;;;;
JSDCLOUD-11095;GUI;GUI;Static Content;Accessibility;jira;;;;;;
CRUC-2997;Requirements;Requirements;Use-case flaws;Use-case flaws;jira;;;;;;
JSDSERVER-6523;Requirements;Requirements;Use-case flaws;Use-case flaws;jira;;;;;;
350966;NOT BUG;NA;NA;NA;bugzilla;;;;;;
360089;Code Logic;Data;API Integration;Incorrect Data Structure;eclipse;;;;;;
10626;GUI;GUI;Static Content;Static Content;bugzilla;;;;;;
132642;GUI;GUI;Navigation;Navigation;eclipse;;;;;;
10912;Data;Data;Memory faults;Memory faults;bugzilla;;;;;;
4070;Code Logic;Code Logic;Incorrect logical conditions;Incorrect logical conditions;bugzilla;;;;;;
CRUC-1995;NOT BUG;NA;NA;NA;jira;;;;;;
CONFCLOUD-57843;Performance;Security;NA;System misconfigurations;jira;;;;;;
206561;Data;Data;Memory faults;Memory faults;bugzilla;;;;;;
JSWCLOUD-18651;Data;Data;Data Transmission;Data Transmission;jira;;;;;;
BCLOUD-15877;GUI;GUI;Style;Style;jira;;;;;;
BAM-12118;NOT BUG;NA;NA;NA;jira;;;;;;
266852;NOT BUG;NA;NA;NA;eclipse;;;;;;
164536;GUI;GUI;Static Content;Static Content;bugzilla;;;;;;
SRCTREE-2402;NOT BUG;NA;NA;NA;jira;;;;;;
36127;GUI;GUI;Accessibility;Accessibility;bugzilla;;;;;;
82341;Data;Code Logic;Incorrect Data Structure;Calculation;bugzilla;;;;;;
CONFSERVER-20942;NOT BUG;NA;NA;NA;jira;;;;;;
CONFSERVER-28795;GUI;GUI;Style;Style;jira;;;;;;
176269;NOT BUG;NA;NA;NA;bugzilla;;;;;;
55469;GUI;Data;Validations;Data Transmission;bugzilla;;;;;;
22153;GUI;Data;Validations;Data Transmission;bugzilla;;;;;;
27584;GUI;GUI;Navigation;Navigation;bugzilla;;;;;;
406556;Data;Data;Memory faults;Memory faults;eclipse;;;;;;
116971;NOT BUG;NA;NA;NA;bugzilla;;;;;;
2562;GUI;GUI;Navigation;Navigation;bugzilla;;;;;;
93345;GUI;GUI;Style;Static Content;bugzilla;;;;;;
169307;GUI;GUI;Static Content;Static Content;bugzilla;;;;;;
162997;Data;Data;Incorrect Data Structure;Data Transmission;eclipse;;;;;;
162527;Code Logic;Code Logic;Internal Search Engine;Incorrect logical conditions;eclipse;;;;;;
162527;Data;Data;Data Transmission;Data Transmission;bugzilla;;;;;;
101056;Requirements;Data;Use-case flaws;Data Transmission;bugzilla;;;;;;
JRASERVER-19081;GUI;GUI;Navigation;Static Content;jira;;;;;;
JSWSERVER-4559;GUI;GUI;Style;Style;jira;;;;;;
35401;NOT BUG;NA;NA;NA;bugzilla;;;;;;
561540;NOT BUG;NA;NA;NA;eclipse;;;;;;
561540;GUI;GUI;Style;Style;bugzilla;;;;;;
CONFSERVER-54689;NOT BUG;NA;NA;NA;jira;;;;;;
572980;NOT BUG;NA;NA;NA;eclipse;;;;;;
JRACLOUD-25107;Requirements;Requirements;Contraditory requirements;Contraditory requirements;jira;;;;;;
SRCTREEWIN-8025;Other;NA;NA;NA;jira;;;;;;
199614;Other;NA;NA;NA;bugzilla;;;;;;
116020;NOT BUG;NA;NA;NA;eclipse;;;;;;
98427;NOT BUG;NA;NA;NA;bugzilla;;;;;;
BSERV-7799;Data;Data;Data Transmission;Data Transmission;jira;;;;;;
97600;NOT BUG;NA;NA;NA;bugzilla;;;;;;
220936;Code Logic;Code Logic;Incorrect logical conditions;Incorrect logical conditions;eclipse;;;;;;
111143;GUI;GUI;Navigation;Navigation;bugzilla;;;;;;
JRACLOUD-80321;GUI;GUI;Static Content;Static Content;jira;;;;;;
JRACLOUD-72156;NOT BUG;NA;NA;NA;jira;;;;;;
SRCTREEWIN-1781;Version Control;Requirements;NA;Use-case flaws;jira;;;;;;
286595;NOT BUG;NA;NA;NA;eclipse;;;;;;
479034;Data;Code Logic;Memory faults;Incorrect logical conditions;eclipse;;;;;;
FE-3284;Code Logic;Data;Incorrect logical conditions;Pointer faults;jira;;;;;;
18625;NOT BUG;NA;NA;NA;bugzilla;;;;;;
170101;NOT BUG;NA;NA;NA;bugzilla;;;;;;
329154;NOT BUG;NA;NA;NA;eclipse;;;;;;
82564;Data;Data;Encoding;Data Transmission;bugzilla;;;;;;
264597;Other;NA;NA;NA;eclipse;;;;;;
26202;Data;GUI;Data Transmission;Style;bugzilla;;;;;;
64867;GUI;GUI;Navigation;Navigation;bugzilla;;;;;;
188416;Code Logic;Code Logic;Incorrect logical conditions;Incorrect logical conditions;eclipse;;;;;;
CONFSERVER-13151;Data;Data;Encoding;Data Transmission;jira;;;;;;
49317;GUI;GUI;Navigation;Navigation;bugzilla;;;;;;
838;Code Logic;Security;Libraries;System misconfigurations;bugzilla;;;;;;
CONFCLOUD-58629;GUI;GUI;Navigation;Navigation;jira;;;;;;
JSWSERVER-2801;Requirements;Code Logic;Use-case flaws;Incorrect logical conditions;jira;;;;;;
337537;Performance;Performance;NA;NA;bugzilla;;;;;;
37631;Security;Security;System misconfigurations;Vulnerabilities;apache;;;;;;
11317;Security;Security;Vulnerabilities;Vulnerabilities;apache;;;;;;
12054;Security;Security;System misconfigurations;Vulnerabilities;apache;;;;;;
9595;Data;Data;Memory faults;Memory faults;apache;;;;;;
10902;Security;Security;Authorization;Vulnerabilities;apache;;;;;;
3642;Performance;Performance;NA;NA;bugzilla;;;;;;
177326;Performance;Performance;NA;NA;bugzilla;;;;;;
18250;Performance;Performance;NA;NA;bugzilla;;;;;;
16666;Performance;Performance;NA;NA;bugzilla;;;;;;
992485;Performance;Performance;NA;NA;bugzilla;;;;;;
JIRAALIGN-782;Performance;Performance;NA;NA;jira;;;;;;
JRACLOUD-65200;Security;Security;Authorization;Authorization;jira;;;;;;
CRUC-6292;Security;Security;Authorization;Authorization;jira;;;;;;
JRACLOUD-67507;Performance;Performance;NA;NA;jira;;;;;;
SRCTREE-3942;Performance;Performance;NA;NA;jira;;;;;;
JRACLOUD-56708;Security;Security;Authorization;Authorization;jira;;;;;;
SRCTREEWIN-1995;Performance;Performance;NA;NA;jira;;;;;;
SRCTREE-2196;Performance;Performance;NA;NA;jira;;;;;;
JIRAALIGN-5102;Performance;Performance;NA;NA;jira;;;;;;
JRASERVER-34322;Code Logic;Code Logic;Internal Search Engine;Internal Search Engine;jira;;;;;;
SRCTREE-1462;Performance;Performance;NA;NA;jira;;;;;;
SRCTREE-1097;Code Logic;Code Logic;Incorrect logical conditions;Incorrect logical conditions;jira;;;;;;
JRASERVER-64928;Performance;Performance;NA;NA;jira;;;;;;
JSWSERVER-20618;Performance;Performance;NA;NA;jira;;;;;;
JRASERVER-8950;Security;Security;Vulnerabilities;Vulnerabilities;jira;;;;;;
JRACLOUD-40161;Performance;Performance;NA;NA;jira;;;;;;
CONFSERVER-37352;Code Logic;Code Logic;API Integration;API Integration;jira;;;;;;
CONFCLOUD-47319;Code Logic;Code Logic;API Integration;API Integration;jira;;;;;;
CONFSERVER-47319;Code Logic;Code Logic;API Integration;API Integration;jira;;;;;;
JSWCLOUD-14086;Code Logic;Code Logic;Incorrect logical conditions;Incorrect logical conditions;jira;;;;;;
I18N-2938;GUI;GUI;Static Content;Static Content;jira;;;;;;
CONFSERVER-34494;Performance;Performance;Performance;NA;jira;;;;;;
JRASERVER-40989;Performance;Data;NA;Memory faults;jira;;;;;;
JRASERVER-39214;Performance;Performance;NA;NA;jira;;;;;;
FE-6628;Performance;Performance;NA;NA;jira;;;;;;
JRASERVER-36224;Performance;Performance;NA;NA;jira;;;;;;
SRCTREEWIN-6397;Performance;Performance;NA;NA;jira;;;;;;
JRASERVER-4256;Performance;Performance;NA;NA;jira;;;;;;
CLOUD-3910;Performance;Performance;NA;NA;jira;;;;;;
JRASERVER-4987;Performance;Performance;NA;NA;jira;;;;;;
CONFSERVER-9546;Performance;Performance;NA;NA;jira;;;;;;
BAM-1279;Performance;Performance;NA;NA;jira;;;;;;
BCLOUD-5511;Performance;Performance;NA;NA;jira;;;;;;
JRASERVER-3550;GUI;GUI;Validations;Validations;jira;;;;;;
JRACLOUD-80258;GUI;GUI;Validations;Validations;jira;;;;;;
JRACLOUD-72686;GUI;GUI;Validations;Validations;jira;;;;;;
JRACLOUD-81497;GUI;GUI;Validations;Validations;jira;;;;;;
FORMDC-54;Data;Data;Data Transmission;Data Transmission;jira;;;;;;
JRASERVER-18600;GUI;GUI;Navigation;Navigation;jira;;;;;;
JRASERVER-14031;GUI;Data;Navigation;Data Transmission;jira;;;;;;
JRASERVER-21586;Data;Data;Data Transmission;Data Transmission;jira;;;;;;
JRASERVER-67685;GUI;GUI;Navigation;Navigation;jira;;;;;;
SRCTREEWIN-13260;GUI;GUI;Navigation;Navigation;jira;;;;;;
I18N-3956;GUI;GUI;Accessibility;Accessibility;jira;;;;;;
CONFCLOUD-68376;GUI;GUI;Accessibility;Accessibility;jira;;;;;;
I18N-2882;GUI;GUI;Accessibility;Accessibility;jira;;;;;;
JRASERVER-25288;GUI;GUI;Accessibility;Accessibility;jira;;;;;;
I18N-3399;GUI;GUI;Accessibility;Accessibility;jira;;;;;;
JSDCLOUD-8416;GUI;GUI;Accessibility;Accessibility;jira;;;;;;
JRACLOUD-71362;Requirements;Requirements;Use-case flaws;Use-case flaws;jira;;;;;;
JRACLOUD-74175;Performance;Performance;NA;NA;jira;;;;;;
JRACLOUD-70220;GUI;GUI;Accessibility;Accessibility;jira;;;;;;
JRASERVER-9330;GUI;GUI;Accessibility;Accessibility;jira;;;;;;
ID-184;Security;Security;Authorization;Authorization;jira;;;;;;
BSERV-4106;Security;Security;System misconfigurations;System misconfigurations;jira;;;;;;
JIRAALIGN-1357;Security;Security;Authorization;Authorization;jira;;;;;;
CONFCLOUD-72635;Security;Security;Authorization;Authorization;jira;;;;;;
CONFSERVER-9727;Security;Security;Authorization;Authorization;jira;;;;;;
SRCTREE-7678;GUI;GUI;Navigation;Navigation;jira;;;;;;
JRASERVER-5622;Data;Data;Memory faults;Memory faults;jira;;;;;;
CONFSERVER-14988;Data;Data;Memory faults;Memory faults;jira;;;;;;
SRCTREEWIN-1691;Data;Data;Memory faults;Memory faults;jira;;;;;;
CONFSERVER-1939;Data;Data;Memory faults;Memory faults;jira;;;;;;
SRCTREE-2826;Data;Data;Memory faults;Memory faults;jira;;;;;;
CONFSERVER-4686;Data;Data;Memory faults;Memory faults;jira;;;;;;
CONFCLOUD-49840;Data;Data;Pointer faults;Pointer faults;jira;;;;;;
SRCTREEWIN-3535;GUI;GUI;Accessibility;Accessibility;jira;;;;;;
CRUC-6067;Data;Data;Pointer faults;Pointer faults;jira;;;;;;
CRUC-6058;Data;Data;Pointer faults;Pointer faults;jira;;;;;;
CONFCLOUD-57252;GUI;GUI;Accessibility;Accessibility;jira;;;;;;
JRASERVER-7819;Data;Data;Pointer faults;Pointer faults;jira;;;;;;
JSWCLOUD-21507;GUI;GUI;Accessibility;Accessibility;jira;;;;;;
JRACLOUD-66255;Data;Data;Pointer faults;Pointer faults;jira;;;;;;
BAM-5924;Data;Data;Pointer faults;Pointer faults;jira;;;;;;
JRASERVER-24168;Data;Data;Pointer faults;Pointer faults;jira;;;;;;
CONFSERVER-13069;GUI;GUI;Navigation;Navigation;jira;;;;;;
JRASERVER-10394;Data;Data;Pointer faults;Pointer faults;jira;;;;;;
JRASERVER-2260;Data;Data;Encoding;Encoding;jira;;;;;;
JRASERVER-2293;Security;Security;Authorization;Authorization;jira;;;;;;
CONFSERVER-9934;Data;Data;Data Transmission;Data Transmission;jira;;;;;;
BAM-18013;Data;Data;Pointer faults;Pointer faults;jira;;;;;;
JRASERVER-10847;GUI;GUI;Validations;Validations;jira;;;;;;
CRUC-3122;Data;Data;Data Transmission;Data Transmission;jira;;;;;;
CRUC-2814;Data;Data;Incorrect Data Structure;Incorrect Data Structure;jira;;;;;;
JRASERVER-36579;GUI;GUI;Validations;Validations;jira;;;;;;
BSERV-2509;Data;Data;Incorrect Data Structure;Incorrect Data Structure;jira;;;;;;
BAM-19992;Data;Data;Incorrect Data Structure;Incorrect Data Structure;jira;;;;;;
JSDCLOUD-5700;Data;Data;Incorrect Data Structure;Incorrect Data Structure;jira;;;;;;
JRASERVER-24558;Security;Security;System misconfigurations;System misconfigurations;jira;;;;;;
OPSGENIE-1185;Data;Data;Data Transmission;Data Transmission;jira;;;;;;
CWD-1185;Data;Data;Encoding;Encoding;jira;;;;;;
CONFSERVER-1570;Data;Data;Encoding;Encoding;jira;;;;;;
ID-7691;Data;Data;Encoding;Encoding;jira;;;;;;
BAM-20170;Data;Data;Encoding;Encoding;jira;;;;;;
JRASERVER-59828;Data;Data;Encoding;Encoding;jira;;;;;;
JRASERVER-21262;Data;Data;Encoding;Encoding;jira;;;;;;
JRACLOUD-46283;Code Logic;Code Logic;Incorrect logical conditions;Incorrect logical conditions;jira;;;;;;
CONFSERVER-3790;Data;Data;Encoding;Encoding;jira;;;;;;
FE-7032;Data;Data;Encoding;Encoding;jira;;;;;;
JRASERVER-6836;Data;Data;Encoding;Encoding;jira;;;;;;
CONFSERVER-52420;Data;Data;Encoding;Encoding;jira;;;;;;
JRASERVER-25263;Data;Data;Encoding;Encoding;jira;;;;;;
SRCTREEWIN-6598;Data;Data;Encoding;Encoding;jira;;;;;;
BAM-19945;Data;Data;Encoding;Encoding;jira;;;;;;
BCLOUD-12434;Data;Data;Encoding;Encoding;jira;;;;;;
CONFSERVER-40459;Data;Data;Encoding;Encoding;jira;;;;;;
JRACLOUD-81860;Data;Data;Encoding;Encoding;jira;;;;;;
CONFSERVER-76082;Data;Data;Data Transmission;Data Transmission;jira;;;;;;
CONFSERVER-35175;Data;Data;Encoding;Encoding;jira;;;;;;
SRCTREE-6789;Code Logic;Code Logic;Calculation;Calculation;jira;;;;;;
JRASERVER-30079;Code Logic;Code Logic;Calculation;Calculation;jira;;;;;;
BAM-14151;Code Logic;Code Logic;Calculation;Calculation;jira;;;;;;
JSWCLOUD-22323;Code Logic;Code Logic;Calculation;Calculation;jira;;;;;;
JSWCLOUD-19091;Data;Data;Pointer faults;Pointer faults;jira;;;;;;
SRCTREEWIN-11917;Security;Security;Vulnerabilities;Vulnerabilities;jira;;;;;;
SRCTREEWIN-13182;Security;Security;Vulnerabilities;Vulnerabilities;jira;;;;;;
SRCTREEWIN-8509;Security;Security;Vulnerabilities;Vulnerabilities;jira;;;;;;
SRCTREEWIN-7579;Security;Security;Vulnerabilities;Vulnerabilities;jira;;;;;;
SRCTREEWIN-13182;Security;Security;Vulnerabilities;Vulnerabilities;jira;;;;;;
SRCTREEWIN-11292;Security;Security;Vulnerabilities;Vulnerabilities;jira;;;;;;
SRCTREEWIN-8242;Security;Security;System misconfigurations;System misconfigurations;jira;;;;;;
SRCTREEWIN-7388;Security;Security;System misconfigurations;System misconfigurations;jira;;;;;;
SRCTREEWIN-1530;Security;Security;System misconfigurations;System misconfigurations;jira;;;;;;
JRASERVER-67750;Security;Security;Vulnerabilities;Vulnerabilities;jira;;;;;;
JRASERVER-66642;Security;Security;Vulnerabilities;Vulnerabilities;jira;;;;;;
JRASERVER-66623;Security;Security;Vulnerabilities;Vulnerabilities;jira;;;;;;
JRASERVER-66495;Security;Security;Vulnerabilities;Vulnerabilities;jira;;;;;;
JRASERVER-66065;GUI;GUI;Validations;Validations;jira;;;;;;
JRASERVER-65821;Security;Security;Vulnerabilities;Authorization;jira;;;;;;
JRASERVER-59980;Security;Security;Vulnerabilities;Vulnerabilities;jira;;;;;;
CONFSERVER-18710;Security;Security;System misconfigurations;System misconfigurations;jira;;;;;;
SRCTREEWIN-12595;Security;Security;System misconfigurations;System misconfigurations;jira;;;;;;
CONFSERVER-1090;Security;Security;System misconfigurations;System misconfigurations;jira;;;;;;
JRASERVER-61749;Security;Security;System misconfigurations;System misconfigurations;jira;;;;;;
JRASERVER-17999;Security;Security;System misconfigurations;System misconfigurations;jira;;;;;;
CONFCLOUD-48133;Code Logic;Code Logic;Incorrect logical conditions;Calculation;jira;;;;;;
JSWCLOUD-5026;Code Logic;Code Logic;Calculation;Calculation;jira;;;;;;
JIRAALIGN-1326;Code Logic;Code Logic;Calculation;Calculation;jira;;;;;;
JRASERVER-12497;Code Logic;Code Logic;Calculation;Calculation;jira;;;;;;
JRASERVER-45899;Code Logic;Code Logic;Calculation;Calculation;jira;;;;;;
JSWCLOUD-9611;Performance;Performance;NA;NA;jira;;;;;;
JRACLOUD-38883;Performance;Performance;NA;NA;jira;;;;;;
CONFSERVER-11152;Code Logic;Code Logic;Incorrect logical conditions;Incorrect logical conditions;jira;;;;;;
CLOUD-6972;Security;GUI;Authorization;Navigation;jira;;;;;;
2544;Data;Data;Encoding;Encoding;bugzilla;;;;;;
1623408;Performance;Performance;NA;NA;bugzilla;;;;;;
1717016;Performance;Performance;NA;NA;bugzilla;;;;;;
1824971;Performance;Performance;NA;NA;bugzilla;;;;;;
1840925;Performance;Performance;NA;NA;bugzilla;;;;;;
1329486;Performance;Performance;NA;NA;bugzilla;;;;;;
924072;Performance;Performance;NA;NA;bugzilla;;;;;;
JSWCLOUD-19276;Security;Security;Authorization;Authorization;jira;;;;;;
JRASERVER-2154;Security;Code Logic;Authorization;Incorrect logical conditions;jira;;;;;;
CONFSERVER-59539;Security;Security;Authorization;Authorization;jira;;;;;;
JRASERVER-15643;Code Logic;Data;Incorrect logical conditions;Pointer faults;jira;;;;;;
CONFSERVER-5633;Security;Security;Authorization;Authorization;jira;;;;;;
CONFSERVER-28946;Security;Security;Authorization;Authorization;jira;;;;;;
BSERV-12457;Security;Code Logic;Authorization;API Integration;jira;;;;;;
JRASERVER-1969;Security;Security;Authorization;System misconfigurations;jira;;;;;;
BCLOUD-1437;Requirements;Requirements;Use-case flaws;Use-case flaws;jira;;;;;;
CWD-3464;Security;Security;Authorization;Vulnerabilities;jira;;;;;;
CWD-3465;Security;Security;Vulnerabilities;Vulnerabilities;jira;;;;;;
JRASERVER-70526;Security;Security;Vulnerabilities;Vulnerabilities;jira;;;;;;
JSDSERVER-6590;Security;Security;Vulnerabilities;Vulnerabilities;jira;;;;;;
CRUC-8443;Security;Security;Authorization;Vulnerabilities;jira;;;;;;
I18N-2903;GUI;GUI;Accessibility;Accessibility;jira;;;;;;
I18N-2924;GUI;GUI;Accessibility;Accessibility;jira;;;;;;
JRACLOUD-69065;Code Logic;Data;API Integration;Data Transmission;jira;;;;;;
BCLOUD-96;Performance;Performance;NA;NA;jira;;;;;;
ID-6300;GUI;GUI;Navigation;Navigation;jira;;;;;;
I18N-3056;GUI;GUI;Accessibility;Accessibility;jira;;;;;;
BCLOUD-8937;Requirements;Requirements;Use-case flaws;Use-case flaws;jira;;;;;;
CONFCLOUD-73078;Security;Security;Authorization;Authorization;jira;;;;;;
BCLOUD-10972;Data;Code Logic;Data Transmission;API Integration;jira;;;;;;
JRACLOUD-69680;Data;Data;Encoding;Encoding;jira;;;;;;
ACCESS-963;Code Logic;Code Logic;Incorrect logical conditions;Incorrect logical conditions;jira;;;;;;
JRACLOUD-71566;Code Logic;Code Logic;Incorrect logical conditions;API Integration;jira;;;;;;
BCLOUD-7250;Performance;Performance;NA;NA;jira;;;;;;
BCLOUD-18636;Performance;Performance;NA;NA;jira;;;;;;
JSWSERVER-4114;Performance;Performance;NA;NA;jira;;;;;;
CONFSERVER-8294;Performance;Performance;NA;NA;jira;;;;;;
CLOUD-1102;Performance;Performance;NA;NA;jira;;;;;;
CONFSERVER-3539;Performance;Performance;NA;NA;jira;;;;;;
CLOUD-7220;Performance;Performance;NA;NA;jira;;;;;;
JRASERVER-25401;Performance;Performance;NA;NA;jira;;;;;;
JIRAALIGN-5452;Performance;Performance;NA;NA;jira;;;;;;
SRCTREE-2645;Performance;Code Logic;NA;API Integration;jira;;;;;;
CRUC-7356;Performance;Performance;NA;NA;jira;;;;;;
JIRAALIGN-3488;Code Logic;Code Logic;Calculation;Calculation;jira;;;;;;
JIRAALIGN-4997;Code Logic;Code Logic;Calculation;Calculation;jira;;;;;;
SRCTREEWIN-11857;Code Logic;Code Logic;Calculation;Calculation;jira;;;;;;
JRACLOUD-41108;Code Logic;Code Logic;Calculation;Calculation;jira;;;;;;
JSWCLOUD-15907;Code Logic;Code Logic;Calculation;Calculation;jira;;;;;;
SRCTREE-6789;Code Logic;Code Logic;Calculation;Calculation;jira;;;;;;
JSWSERVER-9783;Code Logic;Code Logic;Calculation;Calculation;jira;;;;;;
JRASERVER-30079;Code Logic;Code Logic;Calculation;Calculation;jira;;;;;;
JRACLOUD-74324;Code Logic;Code Logic;Calculation;Calculation;jira;;;;;;
JRASERVER-18168;Code Logic;Code Logic;Calculation;Calculation;jira;;;;;;
CONFCLOUD-49746;Code Logic;Code Logic;Calculation;Calculation;jira;;;;;;
SRCTREEWIN-1918;Code Logic;Data;Incorrect logical conditions;Data Transmission;jira;;;;;;
I18N-3192;GUI;GUI;Accessibility;Accessibility;jira;;;;;;
CONFCLOUD-47240;Security;Security;Vulnerabilities;Vulnerabilities;jira;;;;;;
JRASERVER-1877;Data;Data;Encoding;Encoding;jira;;;;;;
1825999;Security;Security;Vulnerabilities;Vulnerabilities;bugzilla;;;;;;
1809175;Performance;Performance;NA;NA;bugzilla;;;;;;
1606641;Performance;Performance;NA;NA;bugzilla;;;;;;
1639280;Performance;Data;NA;Memory faults;bugzilla;;;;;;
1632836;Performance;Performance;NA;NA;bugzilla;;;;;;
1631179;Performance;Performance;NA;NA;bugzilla;;;;;;
JRASERVER-4987;Performance;Performance;NA;NA;jira;;;;;;
CONFSERVER-54338;Performance;Code Logic;NA;Libraries;jira;;;;;;
CONFSERVER-4710;Performance;Performance;NA;NA;jira;;;;;;
JRASERVER-60532;Performance;Performance;NA;NA;jira;;;;;;
SRCTREE-2421;Performance;Performance;NA;NA;jira;;;;;;
JRACLOUD-68523;Performance;Performance;NA;NA;jira;;;;;;
CONFCLOUD-65329;Performance;Performance;NA;NA;jira;;;;;;
CONFSERVER-19815;Performance;Data;NA;Memory faults;jira;;;;;;
AI-428;Code Logic;Code Logic;Incorrect logical conditions;Internal Search Engine;jira;;;;;;
CONFSERVER-51890;Code Logic;Code Logic;Incorrect logical conditions;Internal Search Engine;jira;;;;;;
CLOUD-1539;Code Logic;Code Logic;Incorrect logical conditions;Internal Search Engine;jira;;;;;;
JRASERVER-6641;Code Logic;GUI;Internal Search Engine;Validations;jira;;;;;;
JRASERVER-24175;Code Logic;Code Logic;Internal Search Engine;Internal Search Engine;jira;;;;;;
JRACLOUD-61870;Data;Code Logic;Data Transmission;Internal Search Engine;jira;;;;;;
JRACLOUD-71066;Data;Code Logic;Data Transmission;Internal Search Engine;jira;;;;;;
BCLOUD-19661;Code Logic;Code Logic;Internal Search Engine;Internal Search Engine;jira;;;;;;
JRASERVER-1721;Data;Data;Data Transmission;Data Transmission;jira;;;;;;
1691427;Code Logic;Requirements;Incorrect logical conditions;Use-case flaws;bugzilla;;;;;;
1691427;Code Logic;Requirements;Incorrect logical conditions;Use-case flaws;bugzilla;;;;;;
512709;Security;Code Logic;Vulnerabilities;Incorrect logical conditions;bugzilla;;;;;;
1447580;Code Logic;GUI;Incorrect logical conditions;Accessibility;bugzilla;;;;;;
707156;Code Logic;Security;Incorrect logical conditions;Authorization;bugzilla;;;;;;
SRCTREEWIN-5389;Code Logic;Code Logic;Incorrect logical conditions;Incorrect logical conditions;jira;;;;;;
ID-8294;Security;Security;Authorization;Authorization;jira;;;;;;
BAM-1046;GUI;GUI;Validations;Validations;jira;;;;;;
CWD-464;GUI;GUI;Validations;Validations;jira;;;;;;
JIRAALIGN-1936;GUI;Code Logic;Static Content;Calculation;jira;;;;;;
I18N-3261;GUI;GUI;Accessibility;Accessibility;jira;;;;;;
BAM-7831;Requirements;Security;Use-case flaws;Authorization;jira;;;;;;
CONFSERVER-3345;Security;Security;Authorization;System misconfigurations;jira;;;;;;
ACCESS-105;GUI;GUI;Validations;Validations;jira;;;;;;
BCLOUD-11829;Security;Security;Vulnerabilities;Vulnerabilities;jira;;;;;;
BAM-13542;Security;Security;Vulnerabilities;Vulnerabilities;jira;;;;;;
JSWCLOUD-10976;Performance;Performance;NA;NA;jira;;;;;;
AI-416;Code Logic;Code Logic;Internal Search Engine;Internal Search Engine;jira;;;;;;
CRUC-2666;Performance;Performance;NA;NA;jira;;;;;;
CWD-2647;Performance;Performance;NA;NA;jira;;;;;;
JRASERVER-2146;Performance;Performance;NA;NA;jira;;;;;;
JRASERVER-2548;Performance;Performance;NA;NA;jira;;;;;;
JRASERVER-4622;Performance;Performance;NA;NA;jira;;;;;;
JRASERVER-5198;Performance;Performance;NA;NA;jira;;;;;;
JRASERVER-5565;Performance;Data;NA;Memory faults;jira;;;;;;
JRASERVER-6175;Security;Security;Vulnerabilities;Vulnerabilities;jira;;;;;;
JRASERVER-16592;Security;Security;Vulnerabilities;Vulnerabilities;jira;;;;;;
JRASERVER-18279;Security;Security;Vulnerabilities;Vulnerabilities;jira;;;;;;
JRASERVER-6388;Code Logic;Code Logic;Incorrect logical conditions;Internal Search Engine;jira;;;;;;
JRASERVER-6385;Code Logic;Code Logic;Incorrect logical conditions;Internal Search Engine;jira;;;;;;
JRASERVER-7050;Performance;Performance;NA;NA;jira;;;;;;
CONFSERVER-1738;Code Logic;Performance;Incorrect logical conditions;NA;jira;;;;;;
CONFSERVER-3713;Data;Data;Memory faults;Memory faults;jira;;;;;;
JRASERVER-8489;Code Logic;Performance;Incorrect logical conditions;NA;jira;;;;;;
BAM-796;Data;GUI;Incorrect Data Structure;Validations;jira;;;;;;
CONFSERVER-8527;Data;Data;Memory faults;Memory faults;jira;;;;;;
CONFSERVER-9224;Code Logic;Code Logic;Internal Search Engine;Internal Search Engine;jira;;;;;;
577974;Performance;Performance;NA;NA;eclipse;;;;;;
525651;Performance;Performance;NA;NA;eclipse;;;;;;
506611;Data;Data;Memory faults;Memory faults;eclipse;;;;;;
578506;Performance;Performance;NA;NA;eclipse;;;;;;
1408427;Security;Security;Authorization;Vulnerabilities;bugzilla;;;;;;
1411903;Requirements;Requirements;Use-case flaws;Use-case flaws;bugzilla;;;;;;
695298;Performance;Performance;NA;NA;bugzilla;;;;;;
289644;Performance;Performance;NA;NA;bugzilla;;;;;;
JRASERVER-17395;Code Logic;Code Logic;Incorrect logical conditions;API Integration;jira;;;;;;
BSERV-3177;GUI;GUI;Accessibility;Accessibility;jira;;;;;;
JRACLOUD-67169;Code Logic;Code Logic;API Integration;API Integration;jira;;;;;;
CONFSERVER-1702;Requirements;Requirements;Use-case flaws;Use-case flaws;jira;;;;;;
JRASERVER-115;Requirements;Requirements;Use-case flaws;Use-case flaws;jira;;;;;;
CONFCLOUD-75332;Code Logic;Code Logic;API Integration;API Integration;jira;;;;;;
CWD-4457;Performance;Performance;NA;NA;jira;;;;;;
JRASERVER-36224;Performance;Performance;NA;NA;jira;;;;;;
CONFSERVER-57977;Code Logic;Code Logic;Internal Search Engine;Internal Search Engine;jira;;;;;;
JRACLOUD-70291;Code Logic;Code Logic;API Integration;API Integration;jira;;;;;;
CONFSERVER-56198;Code Logic;Code Logic;Internal Search Engine;Internal Search Engine;jira;;;;;;
CONFSERVER-59433;Performance;Performance;NA;NA;jira;;;;;;
JRACLOUD-68099;Code Logic;Code Logic;API Integration;API Integration;jira;;;;;;
JRASERVER-29163;Data;Data;Data Transmission;Encoding;jira;;;;;;
JRASERVER-2147;Performance;Performance;NA;NA;jira;;;;;;
JSWSERVER-21650;GUI;GUI;Validations;Validations;jira;;;;;;
JRASERVER-74996;Code Logic;Code Logic;API Integration;API Integration;jira;;;;;;
CONFCLOUD-75332;Code Logic;Code Logic;API Integration;API Integration;jira;;;;;;
JSDSERVER-12675;Security;Security;Vulnerabilities;Authorization;jira;;;;;;
JWMCLOUD-467;GUI;Code Logic;Static Content;Internal Search Engine;jira;;;;;;
CONFCLOUD-75401;Code Logic;Code Logic;API Integration;API Integration;jira;;;;;;
SRCTREE-8014;Performance;Performance;NA;NA;jira;;;;;;
BCLOUD-22457;Code Logic;Code Logic;API Integration;API Integration;jira;;;;;;
CONFCLOUD-75684;GUI;GUI;Accessibility;Accessibility;jira;;;;;;
JIRAAUTOSERVER-185;Security;Security;Vulnerabilities;Vulnerabilities;jira;;;;;;
CONFSERVER-60255;GUI;GUI;Accessibility;Accessibility;jira;;;;;;
SRCTREE-7405;Security;Security;Authorization;System misconfigurations;jira;;;;;;
JRASERVER-74785;GUI;GUI;Accessibility;Accessibility;jira;;;;;;
JRASERVER-75005;Code Logic;Code Logic;Incorrect logical conditions;Internal Search Engine;jira;;;;;;
I18N-3232;GUI;GUI;Accessibility;Accessibility;jira;;;;;;
API-296;Data;Data;Data Transmission;Data Transmission;jira;;;;;;
BAM-21005;Data;Data;Incorrect Data Structure;Incorrect Data Structure;jira;;;;;;
CONFSERVER-60392;GUI;GUI;Accessibility;Accessibility;jira;;;;;;
JIRAALIGN-2171;Code Logic;Code Logic;Incorrect logical conditions;Calculation;jira;;;;;;
CONFSERVER-60394;Security;Security;Authorization;Authorization;jira;;;;;;
JSWCLOUD-20641;Code Logic;Requirements;Incorrect logical conditions;Use-case flaws;jira;;;;;;
SRCTREEWIN-13133;Performance;Performance;NA;NA;jira;;;;;;
SRCTREE-7338;Security;Security;Vulnerabilities;System misconfigurations;jira;;;;;;
SRCTREEWIN-13141;Performance;Performance;NA;NA;jira;;;;;;
JRASERVER-71367;GUI;GUI;Validations;Validations;jira;;;;;;
JSDSERVER-11944;Security;Security;Authorization;Authorization;jira;;;;;;
JIRAALIGN-4159;Code Logic;Code Logic;API Integration;API Integration;jira;;;;;;
JRACLOUD-78955;Performance;Performance;NA;NA;jira;;;;;;
581199;Security;Security;Authorization;Vulnerabilities;eclipse;;;;;;
580018;Security;Security;Vulnerabilities;Vulnerabilities;eclipse;;;;;;
519169;Security;Security;Vulnerabilities;Vulnerabilities;eclipse;;;;;;
JRASERVER-70856;Security;Security;Vulnerabilities;Vulnerabilities;jira;;;;;;
JRASERVER-70883;Security;Security;Vulnerabilities;Vulnerabilities;jira;;;;;;
CRUC-8517;Data;Security;Data Transmission;Vulnerabilities;jira;;;;;;
FE-7105;Security;Security;Authorization;System misconfigurations;jira;;;;;;
CRUC-5737;Security;Security;Vulnerabilities;Vulnerabilities;jira;;;;;;
JRASERVER-66495;Security;Security;Vulnerabilities;Vulnerabilities;jira;;;;;;
CWD-5072;Security;Security;Vulnerabilities;Vulnerabilities;jira;;;;;;
CONFSERVER-20963;Security;Security;Vulnerabilities;Vulnerabilities;jira;;;;;;
FE-7035;Security;Security;Vulnerabilities;Vulnerabilities;jira;;;;;;
SRCTREE-5246;Security;Security;Vulnerabilities;Vulnerabilities;jira;;;;;;
CONFSERVER-3347;Data;Data;Memory faults;Memory faults;jira;;;;;;
JRASERVER-19008;Code Logic;Security;API Integration;Authorization;jira;;;;;;
JRASERVER-18116;Data;Data;Memory faults;Memory faults;jira;;;;;;
BAM-14010;Data;Data;Memory faults;Memory faults;jira;;;;;;
JRASERVER-34539;Security;Security;Vulnerabilities;Authorization;jira;;;;;;
BSERV-4696;Data;Data;Memory faults;Memory faults;jira;;;;;;
JRASERVER-74626;Data;Performance;Memory faults;NA;jira;;;;;;
1238860;Security;Security;Vulnerabilities;Vulnerabilities;bugzilla;;;;;;
1825999;Security;Security;Vulnerabilities;Authorization;bugzilla;;;;;;
1840617;Security;Security;Authorization;Authorization;bugzilla;;;;;;
566242;Security;Security;Authorization;Authorization;bugzilla;;;;;;
1695054;Security;Security;Authorization;Authorization;bugzilla;;;;;;
529748;Security;Security;Authorization;Authorization;bugzilla;;;;;;
JRASERVER-4563;Performance;Performance;NA;NA;jira;;;;;;
CONFSERVER-17709;Security;Security;Authorization;Authorization;jira;;;;;;
CONFSERVER-17017;Security;Security;Authorization;Authorization;jira;;;;;;
JIRAALIGN-853;Code Logic;Code Logic;Calculation;Calculation;jira;;;;;;
JIRAALIGN-1241;Code Logic;Code Logic;Calculation;Calculation;jira;;;;;;
JRASERVER-7809;Code Logic;Code Logic;Internal Search Engine;Internal Search Engine;jira;;;;;;
JIRAALIGN-3488;Code Logic;Code Logic;Calculation;Calculation;jira;;;;;;
JSDCLOUD-10685;Code Logic;Performance;Calculation;NA;jira;;;;;;
JRACLOUD-41108;Code Logic;Code Logic;Calculation;Calculation;jira;;;;;;
JRACLOUD-67372;Code Logic;Code Logic;Calculation;Calculation;jira;;;;;;
JRACLOUD-24470;Code Logic;Code Logic;Calculation;Calculation;jira;;;;;;
JRASERVER-41108;Code Logic;Code Logic;Calculation;Calculation;jira;;;;;;
JSWCLOUD-15907;Code Logic;Code Logic;Calculation;Calculation;jira;;;;;;
JRASERVER-30079;Data;Code Logic;Data Transmission;Calculation;jira;;;;;;
JSDCLOUD-11194;GUI;GUI;Validations;Validations;jira;;;;;;
JSDCLOUD-10798;GUI;GUI;Validations;Validations;jira;;;;;;
JRACLOUD-24623;GUI;GUI;Validations;Validations;jira;;;;;;
JSDCLOUD-11548;GUI;GUI;Validations;Validations;jira;;;;;;
JSDCLOUD-11001;GUI;GUI;Validations;Validations;jira;;;;;;
JRASERVER-74326;GUI;GUI;Validations;Validations;jira;;;;;;
JSDCLOUD-11053;GUI;GUI;Validations;Validations;jira;;;;;;
JSDSERVER-319;GUI;GUI;Validations;Validations;jira;;;;;;
CONFSERVER-19004;Code Logic;Code Logic;Internal Search Engine;Internal Search Engine;jira;;;;;;
CLOUD-954;Code Logic;Code Logic;Internal Search Engine;Internal Search Engine;jira;;;;;;
CONFSERVER-3672;Code Logic;Code Logic;Internal Search Engine;Internal Search Engine;jira;;;;;;
CONFCLOUD-70413;Code Logic;Code Logic;Internal Search Engine;Internal Search Engine;jira;;;;;;
CONFSERVER-75452;Code Logic;Code Logic;Internal Search Engine;Internal Search Engine;jira;;;;;;
CONFSERVER-736;Code Logic;Code Logic;Internal Search Engine;Internal Search Engine;jira;;;;;;
CONFSERVER-47376;Code Logic;Code Logic;Internal Search Engine;Internal Search Engine;jira;;;;;;
CONFSERVER-37399;Code Logic;Code Logic;Internal Search Engine;Internal Search Engine;jira;;;;;;
JRASERVER-14574;Code Logic;Code Logic;Internal Search Engine;Internal Search Engine;jira;;;;;;
JRASERVER-68655;Code Logic;Code Logic;Internal Search Engine;Internal Search Engine;jira;;;;;;
AI-447;Code Logic;Code Logic;Internal Search Engine;Internal Search Engine;jira;;;;;;
JRASERVER-34271;Performance;Performance;NA;NA;jira;;;;;;
FE-7508;Code Logic;Code Logic;Internal Search Engine;Internal Search Engine;jira;;;;;;
CLOUD-5859;Code Logic;Code Logic;Internal Search Engine;Internal Search Engine;jira;;;;;;
CONFSERVER-9703;Code Logic;Performance;Incorrect logical conditions;NA;jira;;;;;;
BSERV-13624;Performance;Performance;NA;NA;jira;;;;;;
JRASERVER-36224;Performance;Performance;NA;NA;jira;;;;;;
SER-29;Code Logic;Data;Internal Search Engine;Encoding;jira;;;;;;
SRCTREEWIN-747;GUI;GUI;Navigation;Accessibility;jira;;;;;;
JSDSERVER-14858;Performance;Performance;NA;NA;jira;;;;;;
SRCTREEWIN-1691;Data;Data;Memory faults;Memory faults;jira;;;;;;
BSERV-9367;Performance;Performance;NA;NA;jira;;;;;;
BAM-20610;Code Logic;Requirements;Incorrect logical conditions;Use-case flaws;jira;;;;;;
JIRAALIGN-656;Performance;Performance;NA;NA;jira;;;;;;
JRASERVER-31288;Performance;Performance;NA;NA;jira;;;;;;
JRASERVER-38136;Performance;Performance;NA;NA;jira;;;;;;
JSWCLOUD-26166;Performance;Performance;NA;NA;jira;;;;;;
JRASERVER-16051;Code Logic;Code Logic;Internal Search Engine;Internal Search Engine;jira;;;;;;
JRACLOUD-72794;Code Logic;Code Logic;Internal Search Engine;Internal Search Engine;jira;;;;;;
JSWCLOUD-7277;Code Logic;Code Logic;API Integration;API Integration;jira;;;;;;
JSWCLOUD-24163;Performance;Code Logic;NA;Internal Search Engine;jira;;;;;;
CONFSERVER-40964;Performance;Performance;NA;NA;jira;;;;;;
JRASERVER-2602;Code Logic;Code Logic;Libraries;Libraries;jira;;;;;;
CWD-4869;Code Logic;Code Logic;Libraries;Libraries;jira;;;;;;
CONFSERVER-55175;Code Logic;Code Logic;Libraries;Libraries;jira;;;;;;
FE-146;Code Logic;Code Logic;Libraries;Libraries;jira;;;;;;
FE-3951;Code Logic;Code Logic;Libraries;Libraries;jira;;;;;;
BAM-10030;Security;Security;Vulnerabilities;Vulnerabilities;jira;;;;;;
BAM-11724;Code Logic;Code Logic;Libraries;Libraries;jira;;;;;;
CONFSERVER-51872;Code Logic;Code Logic;Libraries;Libraries;jira;;;;;;
CONFSERVER-10088;Code Logic;Code Logic;Libraries;Libraries;jira;;;;;;
CWD-4317;Code Logic;Code Logic;Libraries;Incorrect logical conditions;jira;;;;;;
CWD-644;Code Logic;Code Logic;Libraries;Libraries;jira;;;;;;
JRASERVER-76021;Code Logic;Security;Libraries;System misconfigurations;jira;;;;;;
JRASERVER-67977;Code Logic;Code Logic;API Integration;API Integration;jira;;;;;;
JRASERVER-7143;Data;Security;Data Transmission;System misconfigurations;jira;;;;;;
JRASERVER-19018;Data;Security;Data Transmission;System misconfigurations;jira;;;;;;
CWD-2072;Code Logic;Security;Libraries;System misconfigurations;jira;;;;;;
CWD-4879;Security;Security;Vulnerabilities;Vulnerabilities;jira;;;;;;
BAM-11724;Code Logic;Code Logic;Libraries;Libraries;jira;;;;;;
BAM-2322;Security;Security;Vulnerabilities;Vulnerabilities;jira;;;;;;
BSERV-19049;Code Logic;Code Logic;Libraries;Libraries;jira;;;;;;
BAM-25397;GUI;GUI;Static Content;Static Content;jira;;;;;;
TRELLO-315;Requirements;Requirements;Use-case flaws;Use-case flaws;jira;;;;;;
TRELLO-309;Security;Security;Authorization;Authorization;jira;;;;;;
TRELLO-288;Requirements;Requirements;Use-case flaws;Use-case flaws;jira;;;;;;
TRELLO-229;Code Logic;Code Logic;Internal Search Engine;Internal Search Engine;jira;;;;;;
TRELLO-216;Requirements;Requirements;Use-case flaws;Use-case flaws;jira;;;;;;
TRELLO-162;Requirements;Security;Use-case flaws;Authorization;jira;;;;;;
STATUS-769;Code Logic;Code Logic;API Integration;API Integration;jira;;;;;;
STATUS-771;Code Logic;Code Logic;Calculation;Calculation;jira;;;;;;
STATUS-719;Requirements;Requirements;Use-case flaws;Use-case flaws;jira;;;;;;
STATUS-640;Requirements;Requirements;Use-case flaws;Use-case flaws;jira;;;;;;
SRCTREEWIN-14436;Security;Security;Authorization;Authorization;jira;;;;;;
SRCTREEWIN-14429;GUI;GUI;Accessibility;Accessibility;jira;;;;;;
API-662;GUI;Data;Validations;Data Transmission;jira;;;;;;
JSWSERVER-21650;GUI;GUI;Validations;Validations;jira;;;;;;
JRACLOUD-75080;Performance;Performance;NA;NA;jira;;;;;;
JSDSERVER-7009;Security;Security;Authorization;Authorization;jira;;;;;;
JRACLOUD-75163;Code Logic;Code Logic;Internal Search Engine;Internal Search Engine;jira;;;;;;
I18N-3209;GUI;GUI;Accessibility;Accessibility;jira;;;;;;
CONFSERVER-60290;Code Logic;Code Logic;API Integration;API Integration;jira;;;;;;
CONFCLOUD-71278;GUI;Data;Static Content;Encoding;jira;;;;;;
ID-7648;Performance;Performance;NA;NA;jira;;;;;;
JIRAALIGN-2131;GUI;GUI;Validations;Validations;jira;;;;;;
I18N-3210;GUI;GUI;Accessibility;Accessibility;jira;;;;;;
I18N-3201;GUI;GUI;Accessibility;Accessibility;jira;;;;;;
CONFSERVER-60256;GUI;Data;Accessibility;Encoding;jira;;;;;;
JRACLOUD-75169;GUI;GUI;Validations;Validations;jira;;;;;;
BSERV-12599;Performance;Performance;NA;NA;jira;;;;;;
BSERV-12597;Code Logic;Code Logic;API Integration;API Integration;jira;;;;;;
JRACLOUD-75414;GUI;GUI;Validations;Validations;jira;;;;;;
JRACLOUD-80813;Requirements;Security;Use-case flaws;Authorization;jira;;;;;;
BCLOUD-8392;Requirements;Requirements;Use-case flaws;Use-case flaws;jira;;;;;;
BCLOUD-4328;Code Logic;Data;API Integration;Encoding;jira;;;;;;
JRACLOUD-34717;Requirements;Requirements;Use-case flaws;Use-case flaws;jira;;;;;;
JRACLOUD-28076;Data;Data;Pointer faults;Pointer faults;jira;;;;;;
SRCTREE-5116;Data;Data;Memory faults;Memory faults;jira;;;;;;
SRCTREEWIN-5621;Data;Data;Memory faults;Memory faults;jira;;;;;;
JRASERVER-16151;Code Logic;Code Logic;Internal Search Engine;Internal Search Engine;jira;;;;;;
JRASERVER-64874;GUI;GUI;Accessibility;Accessibility;jira;;;;;;
JRASERVER-190;Data;GUI;Data Transmission;Static Content;jira;;;;;;
CONFSERVER-43495;Code Logic;Code Logic;Internal Search Engine;Internal Search Engine;jira;;;;;;
JRACLOUD-76767;GUI;GUI;Accessibility;Navigation;jira;;;;;;
JRASERVER-71979;Code Logic;Data;Incorrect logical conditions;Data Transmission;jira;;;;;;
CONFCLOUD-49464;GUI;GUI;Validations;Validations;jira;;;;;;
JRACLOUD-68303;GUI;GUI;Static Content;Static Content;jira;;;;;;
JRASERVER-6646;GUI;GUI;Validations;Validations;jira;;;;;;
JRASERVER-6162;GUI;GUI;Validations;Validations;jira;;;;;;
JRACLOUD-68019;GUI;GUI;Validations;Validations;jira;;;;;;
JRASERVER-76114;Code Logic;Data;API Integration;Incorrect Data Structure;jira;;;;;;
JSWSERVER-21324;Code Logic;Code Logic;API Integration;Calculation;jira;;;;;;
JRASERVER-41049;GUI;GUI;Navigation;Navigation;jira;;;;;;
JRASERVER-7052;Code Logic;Code Logic;Incorrect logical conditions;Internal Search Engine;jira;;;;;;
JRACLOUD-80054;Code Logic;Code Logic;Incorrect logical conditions;Incorrect logical conditions;jira;;;;;;
SRCTREEWIN-11785;Code Logic;Code Logic;Calculation;Calculation;jira;;;;;;
CONFSERVER-58241;Code Logic;Requirements;Incorrect logical conditions;Use-case flaws;jira;;;;;;
JRASERVER-15823;Requirements;Requirements;Use-case flaws;Use-case flaws;jira;;;;;;
JRASERVER-15859;Requirements;Requirements;Use-case flaws;Use-case flaws;jira;;;;;;
JRASERVER-13479;Security;Security;Authorization;Authorization;jira;;;;;;
JRASERVER-15859;Requirements;Requirements;Use-case flaws;Use-case flaws;jira;;;;;;
JRASERVER-36291;Code Logic;Code Logic;API Integration;Internal Search Engine;jira;;;;;;
JSDCLOUD-12327;GUI;GUI;Validations;Validations;jira;;;;;;
JRASERVER-13620;GUI;Data;Validations;Data Transmission;jira;;;;;;
JSDSERVER-897;Data;Data;Data Transmission;Data Transmission;jira;;;;;;
FE-5473;Code Logic;Code Logic;Internal Search Engine;Internal Search Engine;jira;;;;;;
JRACLOUD-79339;GUI;GUI;Style;Style;jira;;;;;;
JSWSERVER-6319;Code Logic;Code Logic;API Integration;Internal Search Engine;jira;;;;;;
JRASERVER-11252;Requirements;Requirements;Use-case flaws;Use-case flaws;jira;;;;;;
JRASERVER-75036;Requirements;Requirements;Use-case flaws;Use-case flaws;jira;;;;;;
JSWCLOUD-13466;Requirements;Requirements;Use-case flaws;Use-case flaws;jira;;;;;;
CONFSERVER-24655;Performance;Data;NA;Memory faults;jira;;;;;;
JWMCLOUD-40;Requirements;Requirements;Use-case flaws;Use-case flaws;jira;;;;;;
JWMCLOUD-364;GUI;GUI;Style;Style;jira;;;;;;
JRACLOUD-66964;GUI;Code Logic;Static Content;Calculation;jira;;;;;;
BAM-1050;Data;Data;Pointer faults;Pointer faults;jira;;;;;;
JRASERVER-24093;Data;Data;Pointer faults;Pointer faults;jira;;;;;;
BAM-5924;Security;Data;Authorization;Pointer faults;jira;;;;;;
JRASERVER-22680;Data;Data;Pointer faults;Pointer faults;jira;;;;;;
CONFCLOUD-53656;Code Logic;Code Logic;API Integration;API Integration;jira;;;;;;
CONFSERVER-34716;Code Logic;Data;Incorrect logical conditions;Pointer faults;jira;;;;;;
CONFSERVER-61261;Data;Data;Pointer faults;Pointer faults;jira;;;;;;
BAM-1583;Data;Data;Pointer faults;Pointer faults;jira;;;;;;
JRASERVER-9132;Data;Data;Pointer faults;Pointer faults;jira;;;;;;
CONFSERVER-10671;Data;Data;Pointer faults;Data Transmission;jira;;;;;;
JSDSERVER-12131;Security;Data;Authorization;Pointer faults;jira;;;;;;
TRELLO-412;Requirements;Requirements;Use-case flaws;Use-case flaws;jira;;;;;;
TRELLO-397;Code Logic;Requirements;Incorrect logical conditions;Use-case flaws;jira;;;;;;
TRELLO-392;GUI;GUI;Static Content;Static Content;jira;;;;;;
TRELLO-373;Requirements;Requirements;Use-case flaws;Use-case flaws;jira;;;;;;
TRELLO-377;GUI;GUI;Static Content;Static Content;jira;;;;;;
TRELLO-361;Requirements;Requirements;Use-case flaws;Use-case flaws;jira;;;;;;
CWD-3764;Data;Code Logic;Data Transmission;Incorrect logical conditions;jira;;;;;;
CONFSERVER-27744;GUI;GUI;Navigation;Accessibility;jira;;;;;;
CONFSERVER-25013;Security;Security;Vulnerabilities;Vulnerabilities;jira;;;;;;
JRASERVER-11693;Code Logic;Data;API Integration;Memory faults;jira;;;;;;
SRCTREE-1358;Performance;Performance;NA;NA;jira;;;;;;
AUTO-972;GUI;GUI;Accessibility;Accessibility;jira;;;;;;
AUTO-728;GUI;Data;Validations;Data Transmission;jira;;;;;;
AUTO-846;Code Logic;Security;Incorrect logical conditions;Authorization;jira;;;;;;
BAM-8260;Security;Security;Vulnerabilities;Vulnerabilities;jira;;;;;;
CONFSERVER-1570;Data;Data;Encoding;Encoding;jira;;;;;;
CONFSERVER-13479;Data;Data;Incorrect Data Structure;Incorrect Data Structure;jira;;;;;;
CONFSERVER-14696;Data;Data;Incorrect Data Structure;Incorrect Data Structure;jira;;;;;;
CONFSERVER-13834;Data;Data;Incorrect Data Structure;Incorrect Data Structure;jira;;;;;;
CONFSERVER-22402;Security;Security;Vulnerabilities;Vulnerabilities;jira;;;;;;
CONFSERVER-15108;Security;Security;Vulnerabilities;Vulnerabilities;jira;;;;;;
CONFSERVER-20668;Security;Security;Vulnerabilities;Vulnerabilities;jira;;;;;;
CWD-86;Security;Security;Vulnerabilities;Vulnerabilities;jira;;;;;;
CONFSERVER-15841;Security;Security;Vulnerabilities;System misconfigurations;jira;;;;;;
CONFSERVER-14951;Security;Security;Vulnerabilities;Vulnerabilities;jira;;;;;;
CONFSERVER-9638;Code Logic;Security;Incorrect logical conditions;System misconfigurations;jira;;;;;;
BAM-9274;Security;Security;Vulnerabilities;Authorization;jira;;;;;;
CRUC-1207;Security;Security;Authorization;Authorization;jira;;;;;;
CONFSERVER-14388;Security;Security;Authorization;Authorization;jira;;;;;;
CONFSERVER-16136;Security;Security;Vulnerabilities;Vulnerabilities;jira;;;;;;
CONFSERVER-14985;Security;Requirements;Authorization;Use-case flaws;jira;;;;;;
CONFSERVER-8846;GUI;GUI;Validations;Validations;jira;;;;;;
BAM-10810;Security;Security;Vulnerabilities;Vulnerabilities;jira;;;;;;
CONFSERVER-46819;Security;Security;Vulnerabilities;Vulnerabilities;jira;;;;;;
CONFSERVER-47146;Security;Security;Vulnerabilities;System misconfigurations;jira;;;;;;
CONFSERVER-46613;Security;Security;Vulnerabilities;System misconfigurations;jira;;;;;;
CONFSERVER-47275;Security;Security;Vulnerabilities;Vulnerabilities;jira;;;;;;
JRASERVER-25216;Security;Security;Vulnerabilities;Vulnerabilities;jira;;;;;;
CONFSERVER-46953;Security;Security;Vulnerabilities;Vulnerabilities;jira;;;;;;
CONFSERVER-47387;Security;Security;Vulnerabilities;Vulnerabilities;jira;;;;;;
CONFSERVER-26799;Security;Security;Vulnerabilities;Vulnerabilities;jira;;;;;;
CLOUD-11704;Code Logic;Code Logic;Incorrect logical conditions;Calculation;jira;;;;;;
AUTO-1224;GUI;Code Logic;Static Content;Calculation;jira;;;;;;
BAM-9273;Security;Security;Authorization;Authorization;jira;;;;;;
BAM-8103;Security;Security;Authorization;Authorization;jira;;;;;;
BAM-8976;Security;Requirements;Authorization;Use-case flaws;jira;;;;;;
JRASERVER-8328;GUI;GUI;Static Content;Validations;jira;;;;;;
JRASERVER-15767;Security;Requirements;Authorization;Use-case flaws;jira;;;;;;
JRASERVER-25771;Security;Security;Authorization;Authorization;jira;;;;;;
CONFSERVER-23743;Performance;Performance;NA;NA;jira;;;;;;
CONFSERVER-1140;Code Logic;Security;API Integration;Authorization;jira;;;;;;
574392;Security;Security;Vulnerabilities;Vulnerabilities;bugzilla;;;;;;
566169;Security;Security;Vulnerabilities;Vulnerabilities;bugzilla;;;;;;
559604;Security;Security;Vulnerabilities;Vulnerabilities;bugzilla;;;;;;
BCLOUD-2045;Security;Security;Vulnerabilities;Vulnerabilities;jira;;;;;;
JRACLOUD-66278;Security;Security;Vulnerabilities;Vulnerabilities;jira;;;;;;
CONFSERVER-34097;Security;Security;Vulnerabilities;Vulnerabilities;jira;;;;;;
BSERV-8202;Security;Security;Vulnerabilities;Vulnerabilities;jira;;;;;;
SRCTREEWIN-9077;Security;Security;Vulnerabilities;Vulnerabilities;jira;;;;;;
BCLOUD-4244;Code Logic;Security;Incorrect logical conditions;Authorization;jira;;;;;;
CONFSERVER-17017;Security;Security;Authorization;Authorization;jira;;;;;;
JRASERVER-15643;Security;Data;Authorization;Pointer faults;jira;;;;;;
CONFSERVER-66177;Security;Security;Authorization;Authorization;jira;;;;;;
CONFSERVER-60418;Security;Security;Vulnerabilities;Vulnerabilities;jira;;;;;;
JRASERVER-71554;Performance;Performance;NA;NA;jira;;;;;;
JSWSERVER-20669;GUI;Code Logic;Static Content;Calculation;jira;;;;;;
BCLOUD-15237;Performance;Performance;NA;NA;jira;;;;;;
BCLOUD-15402;Performance;Performance;NA;NA;jira;;;;;;
BCLOUD-14976;Performance;Performance;NA;NA;jira;;;;;;
CONFSERVER-60523;Performance;Performance;NA;NA;jira;;;;;;
SRCTREEWIN-12754;Performance;Performance;NA;NA;jira;;;;;;
SRCTREEWIN-12587;Performance;Performance;NA;NA;jira;;;;;;
SRCTREE-7293;Code Logic;Performance;Incorrect logical conditions;NA;jira;;;;;;
SRCTREE-7963;Performance;Performance;NA;NA;jira;;;;;;
CONFCLOUD-55238;Performance;Performance;NA;NA;jira;;;;;;
SRCTREEWIN-8898;Performance;Performance;NA;NA;jira;;;;;;
SRCTREEWIN-8876;Performance;Performance;NA;NA;jira;;;;;;
BSERV-9260;Performance;Performance;NA;NA;jira;;;;;;
JIRAALIGN-2134;Data;Code Logic;Data Transmission;API Integration;jira;;;;;;
CONFCLOUD-70348;GUI;Data;Static Content;Data Transmission;jira;;;;;;
JRACLOUD-79140;Code Logic;Code Logic;Incorrect logical conditions;API Integration;jira;;;;;;
OPSGENIE-515;Code Logic;Requirements;Incorrect logical conditions;Use-case flaws;jira;;;;;;
JRASERVER-74718;Code Logic;Code Logic;API Integration;API Integration;jira;;;;;;
SRCTREE-7390;Security;Security;Vulnerabilities;System misconfigurations;jira;;;;;;
JSWSERVER-21483;Data;Data;Data Transmission;Encoding;jira;;;;;;
BCLOUD-2133;Security;Security;Vulnerabilities;Authorization;jira;;;;;;
BAM-20694;Security;Security;Vulnerabilities;Vulnerabilities;jira;;;;;;
JSDSERVER-5222;Code Logic;Performance;API Integration;NA;jira;;;;;;
JRACLOUD-32997;Security;Security;Vulnerabilities;Vulnerabilities;jira;;;;;;
JSDCLOUD-10388;Code Logic;Data;API Integration;Encoding;jira;;;;;;
BCLOUD-14449;Code Logic;Data;Incorrect logical conditions;Encoding;jira;;;;;;
BCLOUD-7178;Data;Data;Data Transmission;Encoding;jira;;;;;;
SRCTREE-7189;Data;Data;Data Transmission;Encoding;jira;;;;;;
BCLOUD-8185;Data;Data;Data Transmission;Encoding;jira;;;;;;
OPSGENIE-224;Data;Data;Data Transmission;Encoding;jira;;;;;;
BCLOUD-10230;Data;Data;Incorrect Data Structure;Encoding;jira;;;;;;
BCLOUD-2032;Data;Data;Incorrect Data Structure;Incorrect Data Structure;jira;;;;;;
BCLOUD-1135;Data;Data;Encoding;Encoding;jira;;;;;;
BCLOUD-1492;Data;Data;Encoding;Encoding;jira;;;;;;
CONFSERVER-11498;Code Logic;Data;API Integration;Incorrect Data Structure;jira;;;;;;
BAM-15580;Security;Code Logic;System misconfigurations;API Integration;jira;;;;;;
JSDSERVER-905;Requirements;Security;Use-case flaws;Authorization;jira;;;;;;
CONFSERVER-12181;Code Logic;Security;Incorrect logical conditions;Authorization;jira;;;;;;
BCLOUD-15495;Security;Security;Authorization;Vulnerabilities;jira;;;;;;
JIRAALIGN-517;Requirements;Security;Use-case flaws;System misconfigurations;jira;;;;;;
JSDSERVER-6131;Security;GUI;Authorization;Validations;jira;;;;;;
CONFSERVER-3345;Code Logic;Security;Incorrect logical conditions;System misconfigurations;jira;;;;;;
JSDSERVER-6072;Security;GUI;Authorization;Validations;jira;;;;;;
ACCESS-105;Security;GUI;Authorization;Validations;jira;;;;;;
CWD-2924;Security;Security;System misconfigurations;System misconfigurations;jira;;;;;;
BAM-13916;Security;Security;Authorization;Vulnerabilities;jira;;;;;;
JRASERVER-15462;Security;Security;Authorization;System misconfigurations;jira;;;;;;
CONFCLOUD-67252;Code Logic;Security;Incorrect logical conditions;System misconfigurations;jira;;;;;;
ID-7626;Security;Security;Vulnerabilities;Authorization;jira;;;;;;
CONFCLOUD-74482;Security;Security;Vulnerabilities;Authorization;jira;;;;;;
CONFCLOUD-53474;Security;Security;Authorization;Authorization;jira;;;;;;
JSDCLOUD-11225;Security;Security;Vulnerabilities;Authorization;jira;;;;;;
CLOUD-4816;Security;Security;Vulnerabilities;Vulnerabilities;jira;;;;;;
CONFSERVER-36072;Security;Security;Authorization;Authorization;jira;;;;;;
CONFCLOUD-72491;Security;Security;Authorization;Authorization;jira;;;;;;
JRACLOUD-71536;Security;Security;Authorization;Authorization;jira;;;;;;
JSDCLOUD-13883;Security;Security;Authorization;Authorization;jira;;;;;;
CONFCLOUD-60001;Security;Security;Authorization;Authorization;jira;;;;;;
JRACLOUD-79761;Code Logic;Security;API Integration;Authorization;jira;;;;;;
JIRAALIGN-722;Security;Security;Authorization;Authorization;jira;;;;;;
CONFSERVER-9308;Security;Security;Vulnerabilities;Authorization;jira;;;;;;
SRCTREE-2826;Performance;Data;NA;Memory faults;jira;;;;;;
SRCTREEWIN-2069;Performance;Performance;NA;NA;jira;;;;;;
CONFSERVER-57883;Performance;Data;NA;Memory faults;jira;;;;;;
SRCTREEWIN-1219;Performance;Data;NA;Memory faults;jira;;;;;;
CONFSERVER-60375;Performance;Data;NA;Memory faults;jira;;;;;;
JRASERVER-31658;Data;Data;Pointer faults;Pointer faults;jira;;;;;;
JRACLOUD-65196;Data;Data;Pointer faults;Pointer faults;jira;;;;;;
FE-3544;Data;Data;Pointer faults;Pointer faults;jira;;System misconfig;42;;;
JRASERVER-21143;Data;Data;Pointer faults;Pointer faults;jira;;Authorization;76;;;
CONFSERVER-19778;Data;Data;Pointer faults;Pointer faults;jira;;Vulnerabilities;85;;;
JRASERVER-6821;Data;Data;Pointer faults;Pointer faults;jira;;;;;;
JRASERVER-26180;Data;Data;Pointer faults;Pointer faults;jira;;Calculation;47;;;
CONFSERVER-12291;Security;Code Logic;System misconfigurations;Libraries;jira;;Logical conditions;51;;;
CWD-4869;Code Logic;Security;Libraries;System misconfigurations;jira;;Search engine;50;;;
CWD-2041;Security;Security;Vulnerabilities;Vulnerabilities;jira;;Libraries;39;;;
STATUS-707;Security;Code Logic;Vulnerabilities;Libraries;jira;;API;45;;;
CONFSERVER-41710;Code Logic;Code Logic;Libraries;Libraries;jira;;;;;;
BAM-11724;Code Logic;Code Logic;Libraries;Libraries;jira;;Incorrect Data Structure;27;;;
CWD-199;Code Logic;Code Logic;Libraries;Libraries;jira;;Memory;36;;;
CWD-1063;Code Logic;Security;Libraries;Vulnerabilities;jira;;Pointer;39;;;
CLOV-702;Code Logic;Code Logic;Libraries;Libraries;jira;;Data Transmission;50;;;
JRASERVER-72673;Code Logic;Code Logic;Libraries;Libraries;jira;;Encoding;48;;;
CLOV-970;Code Logic;Data;Incorrect logical conditions;Incorrect Data Structure;jira;;;;;;
JRACLOUD-66692;Code Logic;Code Logic;Incorrect logical conditions;Internal Search Engine;jira;;Navigation;56;;;
CONFSERVER-47286;Data;Data;Data Transmission;Incorrect Data Structure;jira;;Style;56;;;
ID-8089;Code Logic;Code Logic;Incorrect logical conditions;Internal Search Engine;jira;;Validations;52;;;
I18N-2818;GUI;GUI;Static Content;Accessibility;jira;;Static content;72;;;
SRCTREEWIN-7087;Code Logic;Code Logic;Libraries;Libraries;jira;;Accesibility;44;;;
JRASERVER-33454;Code Logic;Code Logic;Libraries;Libraries;jira;;;;;;
JRACLOUD-65693;Code Logic;Data;Libraries;Data Transmission;jira;;;;;;
;;;;;;;;;;;
